MONTH,DAY_OF_MONTH,ORIGIN,DEST,ARR_DELAY,CARRIER_DELAY,WEATHER_DELAY,NAS_DELAY,SECURITY_DELAY,LATE_AIRCRAFT_DELAY
04,01,ANC,SEA,0.1794871794871795,5.8,0,22.6,0,0
04,01,DEN,SEA,-2.9555555555555557,7,0,9.375,0,6.125
04,01,DFW,SEA,0.5517241379310345,20,4.833333333333333,3,0,11.833333333333334
04,01,LAS,SEA,-0.48,11.666666666666666,0,1.8333333333333333,0,25.166666666666668
04,01,LAX,SEA,5.472222222222222,28.071428571428573,0,11.142857142857142,0,8.5
04,01,ORD,SEA,-2.5588235294117645,3.857142857142857,0,11.857142857142858,0,19
04,01,PDX,SEA,15.263157894736842,0,0,8.75,0,73.25
04,01,PHX,SEA,1.3962264150943395,21.833333333333332,0,3,0,22.666666666666668
04,01,SFO,SEA,1.421875,14.909090909090908,1.3636363636363635,1.2727272727272727,0,22.09090909090909
04,01,SJC,SEA,0.3939393939393939,4.333333333333333,0,8.666666666666666,0,13.666666666666666
04,02,ANC,SEA,-1.4634146341463414,30.5,0,4.75,0,14
04,02,DEN,SEA,4.444444444444445,14.857142857142858,0,16,0,50
04,02,DFW,SEA,12.89655172413793,11.909090909090908,4.454545454545454,9,0,16.181818181818183
04,02,LAS,SEA,1.489795918367347,5.714285714285714,0,14.428571428571429,0,30.714285714285715
04,02,LAX,SEA,0.38235294117647056,4.7272727272727275,1.6363636363636365,11.090909090909092,0,7.363636363636363
04,02,ORD,SEA,9.545454545454545,16.22222222222222,0,10.555555555555555,0,26.77777777777778
04,02,PDX,SEA,3,36.333333333333336,16,12.333333333333334,0,1
04,02,PHX,SEA,0.7692307692307693,8.5,0,17.75,0,5
04,02,SFO,SEA,21.85483870967742,9.96,0.08,18.92,0,35.16
04,02,SJC,SEA,5.774193548387097,6.571428571428571,0,8,0,23.571428571428573
04,03,ANC,SEA,-0.12195121951219512,23.5,0,6.333333333333333,0,7.833333333333333
04,03,DEN,SEA,0.9782608695652174,15.625,0,6,0,32.25
04,03,DFW,SEA,0.9,11.714285714285714,0,9.571428571428571,0,8.571428571428571
04,03,LAS,SEA,6.5,6.636363636363637,3.6363636363636362,11.090909090909092,0,27.454545454545453
04,03,LAX,SEA,-2.026315789473684,7.1,0,13.5,0,10.5
04,03,ORD,SEA,6.588235294117647,24.857142857142858,0,6.857142857142857,0,34.57142857142857
04,03,PDX,SEA,7.2272727272727275,0,0,0,0,70.33333333333333
04,03,PHX,SEA,3.7636363636363637,7.909090909090909,0,5.454545454545454,0,24.454545454545453
04,03,SFO,SEA,10.892307692307693,6.523809523809524,0,10.285714285714286,0,31.047619047619047
04,03,SJC,SEA,7.65625,2.3333333333333335,0,10,0,30.666666666666668
04,04,ANC,SEA,-4.7317073170731705,7,0,8.5,0,6.75
04,04,DEN,SEA,5.023255813953488,4,0,22.166666666666668,0,6.083333333333333
04,04,DFW,SEA,5.266666666666667,35.333333333333336,0,7.333333333333333,0,0
04,04,LAS,SEA,1.0625,1.875,0,16.875,0,22.5
04,04,LAX,SEA,-0.9861111111111112,5.6923076923076925,0,17.615384615384617,0,16.53846153846154
04,04,ORD,SEA,2.6129032258064515,82,0,5.333333333333333,0,0
04,04,PDX,SEA,-4.052631578947368,0,0,0,0,0
04,04,PHX,SEA,2.3962264150943398,4.666666666666667,0,15.555555555555555,0,11.444444444444445
04,04,SFO,SEA,-0.38095238095238093,0,1.75,29.833333333333332,0,2.3333333333333335
04,04,SJC,SEA,3.774193548387097,0.2222222222222222,0.6666666666666666,21.88888888888889,0,6
04,05,ANC,SEA,-4.476190476190476,21,0,13,0,0
04,05,DEN,SEA,8.478260869565217,18.4,0,6.5,0,24.4
04,05,DFW,SEA,6.266666666666667,7.222222222222222,0,9.555555555555555,0,8.666666666666666
04,05,LAS,SEA,1.163265306122449,3.909090909090909,0,20,0,19.181818181818183
04,05,LAX,SEA,-1.5333333333333334,7.571428571428571,0,18.5,0,13.785714285714286
04,05,ORD,SEA,7.909090909090909,26,0,4.333333333333333,0,4.666666666666667
04,05,PDX,SEA,5.090909090909091,0,0,10,0,21.4
04,05,PHX,SEA,4.584905660377358,1.4166666666666667,0,16.583333333333332,0,23.833333333333332
04,05,SFO,SEA,0.7777777777777778,5,0,18.76923076923077,0,15.153846153846153
04,05,SJC,SEA,-1.2903225806451613,0,0,29.2,0,17.4
04,06,ANC,SEA,-0.9534883720930233,12,0,20.4,0,20.8
04,06,DEN,SEA,3.74468085106383,5.777777777777778,1.5555555555555556,1.6666666666666667,0,48
04,06,DFW,SEA,0.03333333333333333,33.333333333333336,0,1.6666666666666667,0,12.333333333333334
04,06,LAS,SEA,-3.58,9.636363636363637,0,2.1818181818181817,0,18.90909090909091
04,06,LAX,SEA,21.926829268292682,34.473684210526315,34.21052631578947,6.894736842105263,0,57.26315789473684
04,06,ORD,SEA,6.285714285714286,13,0,1.5,0,21.375
04,06,PDX,SEA,8.782608695652174,23.5,0,0.5,0,42.25
04,06,PHX,SEA,-3.6,17,0,0,0,39.4
04,06,SFO,SEA,15.656716417910447,4.7894736842105265,0.21052631578947367,18.736842105263158,0,60.26315789473684
04,06,SJC,SEA,1.7352941176470589,23,0,0.25,0,57.5
04,07,ANC,SEA,14.30232558139535,30.166666666666668,0,15.666666666666666,0,6.5
04,07,DEN,SEA,-4.914893617021277,5.285714285714286,0.7142857142857143,6.142857142857143,0,12.285714285714286
04,07,DFW,SEA,4.033333333333333,36.833333333333336,0,1.5,0,11.333333333333334
04,07,LAS,SEA,0.24489795918367346,11.285714285714286,0,5.428571428571429,0,46.57142857142857
04,07,LAX,SEA,3.75,24.764705882352942,1.4705882352941178,6.764705882352941,0,40.64705882352941
04,07,ORD,SEA,22.514285714285716,9,0,8.833333333333334,0,48.583333333333336
04,07,PDX,SEA,25.956521739130434,2.9,0,10.3,0,59
04,07,PHX,SEA,-4.735849056603773,29.666666666666668,0,4,0,18.166666666666668
04,07,SFO,SEA,19.602941176470587,18.727272727272727,0,8.909090909090908,0,56.13636363636363
04,07,SJC,SEA,-4.25,16.333333333333332,0,10.666666666666666,0,6.666666666666667
04,08,ANC,SEA,0.5263157894736842,6.6,0,24.2,0,7.6
04,08,DEN,SEA,-7,34.333333333333336,0,24.666666666666668,0,26
04,08,DFW,SEA,-6.733333333333333,10,0,0.2,0,19.4
04,08,LAS,SEA,20.291666666666668,75.81818181818181,0,1.9090909090909092,0,35.63636363636363
04,08,LAX,SEA,4.884615384615385,82.11111111111111,0,5.444444444444445,0,15.11111111111111
04,08,ORD,SEA,-1.3714285714285714,29,0,0,0,4
04,08,PDX,SEA,-4.904761904761905,0,0,0,0,42
04,08,PHX,SEA,-8.192307692307692,17.666666666666668,0,0,0,9
04,08,SFO,SEA,13.109375,15.857142857142858,0,1,0,39.714285714285715
04,08,SJC,SEA,-0.3125,12.6,0,3.2,0.2,9.6
04,09,ANC,SEA,0.14634146341463414,3.375,0,15.5,0,5.625
04,09,DEN,SEA,3.9545454545454546,19.77777777777778,0,3.2222222222222223,0,39.22222222222222
04,09,DFW,SEA,6.068965517241379,7.25,4.625,7.875,0,25.125
04,09,LAS,SEA,16.395833333333332,13.5,3.2,11.7,0,73.8
04,09,LAX,SEA,-0.040540540540540536,26.6,0,3.9,0,27.2
04,09,ORD,SEA,51.54838709677419,14.818181818181818,16.272727272727273,6.090909090909091,0,126.36363636363636
04,09,PDX,SEA,-5.904761904761905,7.5,0,9,0,5.5
04,09,PHX,SEA,-1.8235294117647058,18.25,0,0.5,0,27.75
04,09,SFO,SEA,7.546875,42.76923076923077,0,2.6153846153846154,1.3076923076923077,16.076923076923077
04,09,SJC,SEA,8.064516129032258,11.333333333333334,0,3.5,2.6666666666666665,53.5
04,10,ANC,SEA,2.522727272727273,0.6666666666666666,0,15.555555555555555,0,8.88888888888889
04,10,DEN,SEA,3.2653061224489797,13.8,0,12,0,15.7
04,10,DFW,SEA,5.833333333333333,10.777777777777779,0,13.666666666666666,0,16.11111111111111
04,10,LAS,SEA,12.693877551020408,10.909090909090908,0,4.454545454545454,0,60.54545454545455
04,10,LAX,SEA,4.595238095238095,20.11111111111111,0,16.444444444444443,0,7.277777777777778
04,10,ORD,SEA,17.914285714285715,12.875,1.875,9.75,0,18.9375
04,10,PDX,SEA,-4.3478260869565215,0,0,0,0,0
04,10,PHX,SEA,2.490566037735849,6.818181818181818,0,12.363636363636363,0,12.272727272727273
04,10,SFO,SEA,10,4.3,0,8,0.9,26.85
04,10,SJC,SEA,15.25,22.9,0,11.9,0,17.7
04,11,ANC,SEA,-1.6744186046511629,23.666666666666668,0,19.333333333333332,0,0
04,11,DEN,SEA,-1.2272727272727273,5,0,16.8,0,23.2
04,11,DFW,SEA,11.666666666666666,20.818181818181817,0,2.4545454545454546,0,21.454545454545453
04,11,LAS,SEA,-3.9361702127659575,1.875,0,9.25,0,24.375
04,11,LAX,SEA,-3.5405405405405403,73.8,0,17,0,6
04,11,ORD,SEA,7.424242424242424,34,0,9.2,0,33.8
04,11,PDX,SEA,-6,8,0,14,0,0
04,11,PHX,SEA,-2.69811320754717,23.285714285714285,9.285714285714286,3.142857142857143,0,4.285714285714286
04,11,SFO,SEA,-1.7777777777777777,9.666666666666666,0,5.222222222222222,0,30.333333333333332
04,11,SJC,SEA,-2.34375,11.5,0,16.5,0,0
04,12,ANC,SEA,-0.7906976744186046,2.8,0,21.8,0,0
04,12,DEN,SEA,-1.34,8.285714285714286,0,23.428571428571427,0,4
04,12,DFW,SEA,3.966666666666667,19.333333333333332,0,3.3333333333333335,0,37.833333333333336
04,12,LAS,SEA,10.979591836734693,72.77777777777777,0,16.22222222222222,0,22.666666666666668
04,12,LAX,SEA,-8.075,32.142857142857146,0,10.428571428571429,0,20.857142857142858
04,12,ORD,SEA,5.176470588235294,42.285714285714285,0,6.285714285714286,0,3.4285714285714284
04,12,PDX,SEA,8.478260869565217,2.2857142857142856,0,10,0,23.428571428571427
04,12,PHX,SEA,-3.8653846153846154,6.5,21.5,12.5,0,0
04,12,SFO,SEA,5.861538461538461,2.4375,0,7.8125,0,41.8125
04,12,SJC,SEA,28.727272727272727,287.5,0,6,0,13.25
04,13,ANC,SEA,2.9761904761904763,9,0,17.5,0,21.5
04,13,DEN,SEA,5.9361702127659575,24.818181818181817,0,12.727272727272727,0,10.181818181818182
04,13,DFW,SEA,10.5,13.88888888888889,8.333333333333334,2.5555555555555554,0,30.77777777777778
04,13,LAS,SEA,-3.4,4.5,0,9.125,0,19.75
04,13,LAX,SEA,-3.4285714285714284,24.77777777777778,0,12.222222222222221,0,15.333333333333334
04,13,ORD,SEA,-0.14285714285714285,33.5,0,2.5,0,5.25
04,13,PDX,SEA,12.565217391304348,8.714285714285714,0,11.714285714285714,0,35.285714285714285
04,13,PHX,SEA,-4.849056603773585,12.4,0,18.4,0,13.8
04,13,SFO,SEA,5.942028985507246,1.9444444444444444,0,9.88888888888889,0,40.05555555555556
04,13,SJC,SEA,-5.6571428571428575,14.333333333333334,0,30,0,1.3333333333333333
04,14,ANC,SEA,-5.111111111111111,10,0,12.666666666666666,0,11.666666666666666
04,14,DEN,SEA,-4.9375,5,0,21.8,0,13.8
04,14,DFW,SEA,-5.533333333333333,11,0,2.6666666666666665,0,4.333333333333333
04,14,LAS,SEA,28.07547169811321,69,0,14.933333333333334,0,33.8
04,14,LAX,SEA,5.5813953488372094,10.133333333333333,1.3333333333333333,16.8,0,12
04,14,ORD,SEA,-6.194444444444445,6.666666666666667,0,0,0,48.666666666666664
04,14,PDX,SEA,-1.173913043478261,0,0,14.666666666666666,0,5.333333333333333
04,14,PHX,SEA,-2.9215686274509802,9.125,0,7.25,0,9.875
04,14,SFO,SEA,10.220588235294118,23.933333333333334,1,29.466666666666665,0,1.9333333333333333
04,14,SJC,SEA,3.342857142857143,3.2,1.4,24.4,0,1.2
04,15,ANC,SEA,-6.7560975609756095,44,0,2,0,0
04,15,DEN,SEA,-4.717391304347826,7.5,0,8,0,15.5
04,15,DFW,SEA,-6.666666666666667,13,0,8.666666666666666,0,6
04,15,LAS,SEA,11.461538461538462,13.9375,0,13.5,0,22.125
04,15,LAX,SEA,11.974683544303797,10.178571428571429,2.2857142857142856,9.035714285714286,0,21.642857142857142
04,15,ORD,SEA,-7.771428571428571,32.666666666666664,0,3,0,13.333333333333334
04,15,PDX,SEA,-4.714285714285714,0,0,23,0,0
04,15,PHX,SEA,7.568627450980392,2.2222222222222223,0,18.77777777777778,0,28.444444444444443
04,15,SFO,SEA,3.129032258064516,20.9,1.9,18.5,0,8.4
04,15,SJC,SEA,3.606060606060606,0,3.4285714285714284,14.285714285714286,0,9.571428571428571
04,16,ANC,SEA,-1.725,51,0,0,0,0
04,16,DEN,SEA,11.72972972972973,11.454545454545455,2.3636363636363638,24.727272727272727,0,11
04,16,DFW,SEA,-2.5,3.4,0,15,0,14.8
04,16,LAS,SEA,-5,3,0,5,0,22
04,16,LAX,SEA,-8.027027027027026,38.333333333333336,0,1.3333333333333333,0,3.6666666666666665
04,16,ORD,SEA,-7.419354838709677,1,0,23.333333333333332,0,1.6666666666666667
04,16,PDX,SEA,0.65,0,0,12.333333333333334,0,33.666666666666664
04,16,PHX,SEA,-6.14,8.666666666666666,0,7.666666666666667,0,3.3333333333333335
04,16,SFO,SEA,-3.8095238095238093,30,0,0.8571428571428571,0,14.285714285714286
04,16,SJC,SEA,-8.030303030303031,26,0,0,0,0
04,17,ANC,SEA,-2.227272727272727,0,0,13.5,0,18
04,17,DEN,SEA,11.354166666666666,2.3636363636363638,3.272727272727273,17.90909090909091,0,33.81818181818182
04,17,DFW,SEA,20.607142857142858,6.3,4.5,8.6,0,55.1
04,17,LAS,SEA,-5.471698113207547,3.8,0,5.6,0,41.8
04,17,LAX,SEA,-9.156626506024097,45.75,0,3.75,0,6.75
04,17,ORD,SEA,-5.111111111111111,35.75,0,2.25,3.75,10.75
04,17,PDX,SEA,-6.3478260869565215,0,0,17,0,0
04,17,PHX,SEA,-1.5098039215686274,25.428571428571427,0,1.2857142857142858,0,12.571428571428571
04,17,SFO,SEA,2.373134328358209,6.125,0,0.375,0,36.0625
04,17,SJC,SEA,-8.272727272727273,8.333333333333334,0,2.6666666666666665,0,12
04,18,ANC,SEA,-2.116279069767442,5,1.75,11.5,0,1.5
04,18,DEN,SEA,-3.8260869565217392,6.25,0,18.75,0,23.75
04,18,DFW,SEA,1.7,12.222222222222221,9.555555555555555,1.2222222222222223,0,17.555555555555557
04,18,LAS,SEA,-7.196078431372549,8.285714285714286,0,0.14285714285714285,0,35.42857142857143
04,18,LAX,SEA,-12.027027027027026,21.666666666666668,0,0.3333333333333333,0,28.333333333333332
04,18,ORD,SEA,-4.242424242424242,8.428571428571429,0,13.285714285714286,0,12.571428571428571
04,18,PDX,SEA,4.2272727272727275,10.833333333333334,0,8.166666666666666,0,14
04,18,PHX,SEA,1.6470588235294117,13.25,0,0,0,91.5
04,18,SFO,SEA,-3.5238095238095237,6.666666666666667,0,2.111111111111111,0,40.111111111111114
04,18,SJC,SEA,0.030303030303030304,7.333333333333333,0,1.8333333333333333,0,34.166666666666664
04,19,ANC,SEA,-0.9534883720930233,0,0,18,0,0
04,19,DEN,SEA,-7.88,1,0,5,0,16
04,19,DFW,SEA,-4.7,15,0,18.5,0,0
04,19,LAS,SEA,-6.372549019607843,30,0,7,0,52.6
04,19,LAX,SEA,-9.1125,25.166666666666668,0,0.6666666666666666,0,24.5
04,19,ORD,SEA,-3.5714285714285716,7.571428571428571,0,0.7142857142857143,0,29.428571428571427
04,19,PDX,SEA,0.9565217391304348,0,0,8,0,39.333333333333336
04,19,PHX,SEA,8.019607843137255,134.25,0,7.5,0,65.5
04,19,SFO,SEA,-11.246153846153845,14,0,0,0,19
04,19,SJC,SEA,-6.323529411764706,0,0,0,0,51
04,20,ANC,SEA,2.5952380952380953,1.9,0.9,23,0,1.8
04,20,DEN,SEA,3.4347826086956523,24.666666666666668,0,2.6666666666666665,0,64.66666666666667
04,20,DFW,SEA,-2,0,0,12.666666666666666,0,23.333333333333332
04,20,LAS,SEA,1.0961538461538463,22.77777777777778,0,10.222222222222221,0,7.666666666666667
04,20,LAX,SEA,5.607142857142857,15.333333333333334,0.8888888888888888,13.5,0,31.5
04,20,ORD,SEA,-5.228571428571429,24.4,0,0.4,0,23.8
04,20,PDX,SEA,-3.869565217391304,0,0,10,0,9
04,20,PHX,SEA,-0.49019607843137253,7.222222222222222,0,11.777777777777779,0,27.22222222222222
04,20,SFO,SEA,2.971014492753623,15.916666666666666,0.5,4.75,0.9166666666666666,23
04,20,SJC,SEA,-3.5142857142857142,2.6666666666666665,0,12.333333333333334,0,14
04,21,ANC,SEA,5.690476190476191,31,0,10.666666666666666,0,2.3333333333333335
04,21,DEN,SEA,0.723404255319149,5.875,0,16.625,0,27.625
04,21,DFW,SEA,8.3,8.375,2,23.75,0,15.625
04,21,LAS,SEA,-2.5660377358490565,37.857142857142854,0,6.714285714285714,0,18.714285714285715
04,21,LAX,SEA,-5.8023255813953485,6.5,0,2,0,30
04,21,ORD,SEA,-3.5277777777777777,0,0,0,0,145.5
04,21,PDX,SEA,11,71,0,5,0,7
04,21,PHX,SEA,-8.372549019607844,7.666666666666667,0,0,0,18.666666666666668
04,21,SFO,SEA,2.1492537313432836,19.75,0,1.1666666666666667,0,41.666666666666664
04,21,SJC,SEA,-8.457142857142857,42.333333333333336,0,0,0,6
04,22,ANC,SEA,1,7,0,14.25,0,4.75
04,22,DEN,SEA,-5.23404255319149,0.5,0,15.166666666666666,0,25
04,22,DFW,SEA,-5.666666666666667,8,0,6,0,12.5
04,22,LAS,SEA,-6.346153846153846,14.75,0,5.5,0,69.5
04,22,LAX,SEA,-4.2025316455696204,20.75,0,16.25,0,9.75
04,22,ORD,SEA,-8.735294117647058,5,0,0,0,44
04,22,PDX,SEA,-2.0952380952380953,0,0,12,0,42
04,22,PHX,SEA,-9.5,10.333333333333334,0,20.666666666666668,0,0
04,22,SFO,SEA,21.885245901639344,10.2,0,3.6,0.05,69.45
04,22,SJC,SEA,-2.0606060606060606,1.6,0,17.8,0,19
04,23,ANC,SEA,5.560975609756097,15.714285714285714,0,18,0,7.285714285714286
04,23,DEN,SEA,0.021739130434782608,12,0,0,0,133.5
04,23,DFW,SEA,0.03333333333333333,17,0,3.4,0,26.6
04,23,LAS,SEA,4.673076923076923,3.6666666666666665,0,6.5,0,35.916666666666664
04,23,LAX,SEA,5.947368421052632,21,0,8.733333333333333,0,18.666666666666668
04,23,ORD,SEA,1.96875,10.285714285714286,0,9,0,20.142857142857142
04,23,PDX,SEA,-0.4090909090909091,0,0,8.5,0,19.5
04,23,PHX,SEA,-3.22,16,0,8.625,0,8.5
04,23,SFO,SEA,8.767857142857142,4.545454545454546,0,3.8181818181818183,0,60
04,23,SJC,SEA,2.125,2.75,0,7.75,3.25,7.25
04,24,ANC,SEA,3.8636363636363638,1.6,0,26.4,0,28.2
04,24,DEN,SEA,0.14,14.333333333333334,0,14.666666666666666,0,4.555555555555555
04,24,DFW,SEA,10.142857142857142,13.625,13,7.5,0,12.125
04,24,LAS,SEA,1.8148148148148149,4,0,9.444444444444445,0,27.88888888888889
04,24,LAX,SEA,9.678571428571429,11.666666666666666,0,12.708333333333334,0,20.625
04,24,ORD,SEA,-2.75,1.2857142857142858,0,17.571428571428573,0,10.857142857142858
04,24,PDX,SEA,7.565217391304348,8.714285714285714,0,5,0,13.857142857142858
04,24,PHX,SEA,9.807692307692308,57.44444444444444,0,8.222222222222221,0,6.888888888888889
04,24,SFO,SEA,17.203125,4.53125,0.53125,13.5625,0,21.0625
04,24,SJC,SEA,18.545454545454547,21.5,0,12.333333333333334,0,19.083333333333332
04,25,ANC,SEA,-3.8863636363636362,23,0,8.333333333333334,0,0
04,25,DEN,SEA,-5.895833333333333,11,0,8.2,0,3.8
04,25,DFW,SEA,1.5666666666666667,35.8,0,19,0,0
04,25,LAS,SEA,1.7058823529411764,2.375,0,15,0,3.375
04,25,LAX,SEA,16.68918918918919,1.393939393939394,0.696969696969697,18.757575757575758,0,14
04,25,ORD,SEA,-3.3333333333333335,6.5,7.333333333333333,7,0,22.833333333333332
04,25,PDX,SEA,5.681818181818182,6.142857142857143,0,17.142857142857142,0,9.142857142857142
04,25,PHX,SEA,1.8846153846153846,5,0,19.8,0,15
04,25,SFO,SEA,13.609375,9.347826086956522,1.1304347826086956,15.26086956521739,0,7.478260869565218
04,25,SJC,SEA,9.970588235294118,5.888888888888889,0,12.555555555555555,0,12.222222222222221
04,26,ANC,SEA,-6.043478260869565,4.5,0,14,0,0
04,26,DEN,SEA,2.0392156862745097,32.714285714285715,0,2.4285714285714284,0,9.714285714285714
04,26,DFW,SEA,17.724137931034484,3,25.25,42,0,8.5
04,26,LAS,SEA,2.2941176470588234,15.444444444444445,0,14.777777777777779,0,3.2222222222222223
04,26,LAX,SEA,6.641025641025641,6.368421052631579,0,15.052631578947368,0,18
04,26,ORD,SEA,-6.6571428571428575,34.333333333333336,0,3.6666666666666665,0,10.333333333333334
04,26,PDX,SEA,29.772727272727273,0.6666666666666666,0,9.666666666666666,0,117.16666666666667
04,26,PHX,SEA,8.571428571428571,6.454545454545454,0.9090909090909091,15.272727272727273,0,7.181818181818182
04,26,SFO,SEA,23.848484848484848,10.73076923076923,0,6.076923076923077,0,47.53846153846154
04,26,SJC,SEA,5.382352941176471,19.4,0,7.4,0,18.8
04,27,ANC,SEA,-2.2444444444444445,12,0,12,0,0
04,27,DEN,SEA,8.73469387755102,113.33333333333333,0,9.5,0,23.5
04,27,DFW,SEA,5.933333333333334,14.555555555555555,0,9.444444444444445,0,8.222222222222221
04,27,LAS,SEA,6.173076923076923,19.22222222222222,5.555555555555555,27.22222222222222,0,18.22222222222222
04,27,LAX,SEA,9.28048780487805,6.458333333333333,0,15.75,0,29
04,27,ORD,SEA,-12.085714285714285,43.333333333333336,0,6,0,3.6666666666666665
04,27,PDX,SEA,7.130434782608695,5.857142857142857,0,15,0,19.285714285714285
04,27,PHX,SEA,3.9,15.166666666666666,0,16.416666666666668,0,7.25
04,27,SFO,SEA,5.183098591549296,3.5294117647058822,0,12.117647058823529,0,24.176470588235293
04,27,SJC,SEA,-1.1944444444444444,9.6,0,11,1,21.8
04,28,ANC,SEA,-3.382978723404255,0,0,19.5,0,3
04,28,DEN,SEA,-2.0816326530612246,15.444444444444445,0,24,0,8.88888888888889
04,28,DFW,SEA,-2.8,18,0,10.333333333333334,0,0.3333333333333333
04,28,LAS,SEA,29.433962264150942,45.21739130434783,0,14.956521739130435,0,14.565217391304348
04,28,LAX,SEA,8.524390243902438,6.666666666666667,2.2916666666666665,19.958333333333332,0,16.333333333333332
04,28,ORD,SEA,-17.166666666666668,0,0,0,0,15
04,28,PDX,SEA,3.739130434782609,0.4,0,6.2,0,22.4
04,28,PHX,SEA,2.2549019607843137,7.214285714285714,0,16.714285714285715,0,11.5
04,28,SFO,SEA,13.571428571428571,6.7,2.25,9.5,0,38
04,28,SJC,SEA,8.805555555555555,0.7142857142857143,0,18.857142857142858,0,47.57142857142857
04,29,ANC,SEA,-7.488888888888889,12.333333333333334,0,9,0,0
04,29,DEN,SEA,9.541666666666666,3,4.214285714285714,23.785714285714285,0,17
04,29,DFW,SEA,18.51851851851852,10.666666666666666,0.16666666666666666,0,0,116.83333333333333
04,29,LAS,SEA,2.6346153846153846,32.9,0,4.5,0,5.4
04,29,LAX,SEA,4.602564102564102,6,0.4090909090909091,20.181818181818183,0,5
04,29,ORD,SEA,-1.5294117647058822,31,0,0.6,0,26.2
04,29,PDX,SEA,1.3333333333333333,7.75,0,10,0,11.5
04,29,PHX,SEA,-1.0204081632653061,10,0,14,0,9.666666666666666
04,29,SFO,SEA,19.546875,8.08695652173913,0,14.434782608695652,0,43.91304347826087
04,29,SJC,SEA,0.2647058823529412,8.25,0,20,0,2.75
04,30,ANC,SEA,-3.382978723404255,3.2,0,3.6,0,48
04,30,DEN,SEA,3.1777777777777776,13.11111111111111,0,6.777777777777778,0,10.11111111111111
04,30,DFW,SEA,19.166666666666668,14.571428571428571,0,4,0,98.85714285714286
04,30,LAS,SEA,4.884615384615385,23.22222222222222,0,1.8888888888888888,0,41.333333333333336
04,30,LAX,SEA,8.945205479452055,16.25,0,9.45,0,19.7
04,30,ORD,SEA,-1.28125,12.2,0,0.2,0,20.2
04,30,PDX,SEA,1.1428571428571428,65.5,0,0.5,0,14.5
04,30,PHX,SEA,0.8085106382978723,59.6,0,1.8,0,9.2
04,30,SFO,SEA,14.446153846153846,17.46153846153846,0,1.5384615384615385,0,61.53846153846154
04,30,SJC,SEA,11.484848484848484,27,0,4.25,0,25.125
05,01,ANC,SEA,2.0408163265306123,14.75,0,10.375,0,13.625
05,01,DEN,SEA,5.288461538461538,7.230769230769231,3,11.692307692307692,0,18.923076923076923
05,01,DFW,SEA,3.4,53.8,0,11.4,0,5.8
05,01,LAS,SEA,-5.433962264150943,3.25,0,7.75,0,12
05,01,LAX,SEA,1.3372093023255813,25.76923076923077,0,7.3076923076923075,0,18.076923076923077
05,01,ORD,SEA,-5.222222222222222,4.333333333333333,0,0,0,58.333333333333336
05,01,PDX,SEA,-1.1304347826086956,0,0,12.5,0,11
05,01,PHX,SEA,-7.32,1.3333333333333333,0,8.333333333333334,0,31.333333333333332
05,01,SFO,SEA,10.338028169014084,4.5,0,7.5,0,90.16666666666667
05,01,SJC,SEA,-0.1111111111111111,2.5,0,0,0,48.5
05,02,ANC,SEA,-2.54,0.7,0,22.9,0,0
05,02,DEN,SEA,-4.882352941176471,6.8,0,16,0,1
05,02,DFW,SEA,1.3666666666666667,26.2,0,7.8,0,7.4
05,02,LAS,SEA,0.0392156862745098,78.2,0,18.2,0,12.2
05,02,LAX,SEA,-3.3552631578947367,20.714285714285715,0,0.7142857142857143,0,24.142857142857142
05,02,ORD,SEA,-10.272727272727273,61,0,0,0,0
05,02,PDX,SEA,-5.5,0,0,17.5,0,0
05,02,PHX,SEA,-6.061224489795919,16.333333333333332,0,5.666666666666667,0,0
05,02,SFO,SEA,-4.782608695652174,12.142857142857142,0,11.571428571428571,0,7.142857142857143
05,02,SJC,SEA,4.666666666666667,58,0,12.333333333333334,0,4.833333333333333
05,03,ANC,SEA,4.5,20.5,0,15.2,1.1,3.1
05,03,DEN,SEA,-6.981132075471698,6.714285714285714,0,6.857142857142857,0,23.714285714285715
05,03,DFW,SEA,2.5,44.25,0,3.5,0,13.5
05,03,LAS,SEA,-10.823529411764707,1,0,23,0,7.666666666666667
05,03,LAX,SEA,-10.052631578947368,10.833333333333334,0,4.666666666666667,0,11.666666666666666
05,03,ORD,SEA,-9.342857142857143,4,0,23.25,0,0
05,03,PDX,SEA,1.0869565217391304,13.4,0,12.2,0,5.2
05,03,PHX,SEA,-10.46938775510204,0,0,0,0,0
05,03,SFO,SEA,4.449275362318841,16.09090909090909,1.3636363636363635,4.2727272727272725,0,77.45454545454545
05,03,SJC,SEA,-12.789473684210526,4.5,0,4.5,0,8
05,04,ANC,SEA,3.6346153846153846,2.8,0,25.4,0,0
05,04,DEN,SEA,9.588235294117647,13.571428571428571,0,21.857142857142858,0,63.42857142857143
05,04,DFW,SEA,-1.5517241379310345,10.2,0,23.8,0,2
05,04,LAS,SEA,0.04,5.714285714285714,0,14.571428571428571,0,15.285714285714286
05,04,LAX,SEA,-2.4404761904761907,7.285714285714286,0,17.5,0,20.642857142857142
05,04,ORD,SEA,-0.4117647058823529,9.75,0,2.75,0,11.25
05,04,PDX,SEA,35.22727272727273,0.125,0,30.75,0,72.625
05,04,PHX,SEA,0.02,18.333333333333332,0,18.444444444444443,0,10.444444444444445
05,04,SFO,SEA,9.121621621621621,3.0476190476190474,0,27.952380952380953,0,25.428571428571427
05,04,SJC,SEA,7.473684210526316,0.3333333333333333,30.5,56.333333333333336,0,3.1666666666666665
05,05,ANC,SEA,-6.169811320754717,4.5,0,21.25,0,7.5
05,05,DEN,SEA,-3.7547169811320753,15.833333333333334,0,6.5,0,29.666666666666668
05,05,DFW,SEA,-2.4375,6.666666666666667,0,0,0,37.833333333333336
05,05,LAS,SEA,-0.32075471698113206,16.555555555555557,0,1.6666666666666667,0,54.888888888888886
05,05,LAX,SEA,4.114942528735632,34.72222222222222,0,5.333333333333333,0,31.055555555555557
05,05,ORD,SEA,7.658536585365853,39.888888888888886,0,1.8888888888888888,0,21.88888888888889
05,05,PDX,SEA,4.739130434782608,0,0,10.714285714285714,0,20.714285714285715
05,05,PHX,SEA,-13.882352941176471,2.6666666666666665,0,0,0,21
05,05,SFO,SEA,16.014084507042252,6.7272727272727275,0,13.363636363636363,0,48.54545454545455
05,05,SJC,SEA,-7.657894736842105,31.333333333333332,0,0,0,22.333333333333332
05,06,ANC,SEA,-4.568627450980392,94.5,0,6,0,0
05,06,DEN,SEA,-2.980392156862745,21.77777777777778,0,0.2222222222222222,0,19
05,06,DFW,SEA,-18.387096774193548,16,0,0,0,34
05,06,LAS,SEA,0.8269230769230769,2.875,0,0.125,0,69.125
05,06,LAX,SEA,-6.0256410256410255,8.5,0,2.5,0,19.5
05,06,ORD,SEA,-9.717948717948717,3.6,3.8,2.6,0,30
05,06,PDX,SEA,-2.5714285714285716,0,0,12.666666666666666,0,11
05,06,PHX,SEA,-14.10204081632653,0,0,1,0,30
05,06,SFO,SEA,-1.044776119402985,11.3,0,4.9,1,16.1
05,06,SJC,SEA,-4.027027027027027,0,0,14.5,0,11.5
05,07,ANC,SEA,-9.12962962962963,12,0,4.666666666666667,0,10.333333333333334
05,07,DEN,SEA,-2.215686274509804,24.77777777777778,0,3.7777777777777777,0,18.666666666666668
05,07,DFW,SEA,-2.75,33.25,24.5,27,0,9.25
05,07,LAS,SEA,7.098039215686274,20.2,0,26.2,0,25.9
05,07,LAX,SEA,11.181818181818182,16.5,0,17.772727272727273,0,17.545454545454547
05,07,ORD,SEA,-2.4358974358974357,15.333333333333334,0,3.3333333333333335,0,16.77777777777778
05,07,PDX,SEA,-7.35,0,0,36,0,0
05,07,PHX,SEA,-14.833333333333334,0,0,0,0,0
05,07,SFO,SEA,3.4461538461538463,1.7142857142857142,0,7.714285714285714,1.4285714285714286,18.071428571428573
05,07,SJC,SEA,3.4545454545454546,5,0,21,0,14.333333333333334
05,08,ANC,SEA,-6.923076923076923,2.6666666666666665,0,19.833333333333332,0,2.8333333333333335
05,08,DEN,SEA,2.290909090909091,9,1.4545454545454546,7.545454545454546,0,24.545454545454547
05,08,DFW,SEA,0.21875,6.375,7.75,15,0,11.375
05,08,LAS,SEA,-1.679245283018868,3.5,0,5.833333333333333,0,18.666666666666668
05,08,LAX,SEA,13.081395348837209,23.36842105263158,0,18,0,13.947368421052632
05,08,ORD,SEA,-3.073170731707317,11.8,29.2,4.4,0,32
05,08,PDX,SEA,-4.2272727272727275,0,0,0,0,70
05,08,PHX,SEA,-7.8,3,0,13.5,0,10.5
05,08,SFO,SEA,1.8714285714285714,5,0,13.375,0,17.875
05,08,SJC,SEA,16.428571428571427,58.22222222222222,0,5.666666666666667,0,0
05,09,ANC,SEA,-5.25,4.5,0,15.8,0,6
05,09,DEN,SEA,10.6,14.222222222222221,18.333333333333332,8.555555555555555,0,42.22222222222222
05,09,DFW,SEA,12.25,11.8,8.4,8.8,0,19.7
05,09,LAS,SEA,-1.58,6.833333333333333,0,4.833333333333333,0,19.833333333333332
05,09,LAX,SEA,11.72972972972973,19.571428571428573,0,10.523809523809524,0,13.904761904761905
05,09,ORD,SEA,-0.48717948717948717,8.4,5,5.2,0,78
05,09,PDX,SEA,-2.5454545454545454,0,4,10.5,0,10
05,09,PHX,SEA,4.745098039215686,8.4,0,8.7,0,13.1
05,09,SFO,SEA,-0.5217391304347826,0,0,3.625,4.75,29.125
05,09,SJC,SEA,-1.0555555555555556,4.5,0,2.5,0,20
05,10,ANC,SEA,-2.581818181818182,41,0,8,0,0
05,10,DEN,SEA,7.909090909090909,16.6,0.8666666666666667,14.933333333333334,0,11.8
05,10,DFW,SEA,19.178571428571427,2.2222222222222223,32,7.333333333333333,0,37.666666666666664
05,10,LAS,SEA,-6.653846153846154,16.8,0,4.4,0,5.8
05,10,LAX,SEA,-2.92,22.3,0,10.6,0,2.8
05,10,ORD,SEA,0.7560975609756098,8.875,12.625,5,0,21.625
05,10,PDX,SEA,-3.8636363636363638,18,0,0,0,0
05,10,PHX,SEA,-1.92,0,0,5,0,17.333333333333332
05,10,SFO,SEA,0.2028985507246377,12.272727272727273,0,5.7272727272727275,0,26.636363636363637
05,10,SJC,SEA,-6.945945945945946,0,0,7.5,0,9
05,11,ANC,SEA,8.767857142857142,180.75,0,21.25,0,0
05,11,DEN,SEA,7.425925925925926,11.4,0,6.3,0,34.4
05,11,DFW,SEA,0.5625,23,0,2.3333333333333335,0,10.333333333333334
05,11,LAS,SEA,-4.679245283018868,10.5,0,4.25,0,18.5
05,11,LAX,SEA,6.209876543209877,20,0,10.545454545454545,0,15.681818181818182
05,11,ORD,SEA,-0.3170731707317073,7.714285714285714,0,0.42857142857142855,0,33.42857142857143
05,11,PDX,SEA,-5.695652173913044,0,0,16,0,13
05,11,PHX,SEA,-2.3,4,0,2,18,17
05,11,SFO,SEA,13.98611111111111,5.608695652173913,0,5.6521739130434785,0.2608695652173913,44.47826086956522
05,11,SJC,SEA,-3.473684210526316,10,0,0.75,0,20.5
05,12,ANC,SEA,-3.6545454545454548,8.8,0,8,0,7.8
05,12,DEN,SEA,-0.8703703703703703,7,0,6,0,21.5
05,12,DFW,SEA,-1.46875,7.5,0,9.25,0,22.75
05,12,LAS,SEA,-8.11111111111111,1.5,0,0,0,55
05,12,LAX,SEA,2.6,11.066666666666666,0,14.333333333333334,0,22.2
05,12,ORD,SEA,8.048780487804878,13.1,0,5.9,0,28.5
05,12,PDX,SEA,-2.652173913043478,0,0,14.5,0,3
05,12,PHX,SEA,0.13725490196078433,10.666666666666666,4,0.16666666666666666,1.8333333333333333,34.333333333333336
05,12,SFO,SEA,2.342857142857143,6.222222222222222,0,9.444444444444445,0,26.444444444444443
05,12,SJC,SEA,6.7631578947368425,12.2,0,5.8,0,97.6
05,13,ANC,SEA,0.2777777777777778,27.5,0,5.5,0,6
05,13,DEN,SEA,-3.94,14,0,0,0,117
05,13,DFW,SEA,-12.40625,0,0,16,0,0
05,13,LAS,SEA,-7.173076923076923,14.166666666666666,0,2,0,15.666666666666666
05,13,LAX,SEA,-3.4430379746835444,8.636363636363637,0,7.090909090909091,0,27.272727272727273
05,13,ORD,SEA,3.875,19.272727272727273,0,8.545454545454545,0,16.636363636363637
05,13,PDX,SEA,-3.6818181818181817,0,0,20,0,48
05,13,PHX,SEA,-8.86,4.8,0,3.2,0,20.8
05,13,SFO,SEA,-0.4090909090909091,2.9166666666666665,0,3.9166666666666665,0,28
05,13,SJC,SEA,0.21621621621621623,9.2,0,3.2,0,42.2
05,14,ANC,SEA,-3.8518518518518516,3,0,5,0,24
05,14,DEN,SEA,-0.7755102040816326,10.6,2,5,1.2,35.4
05,14,DFW,SEA,-11.21875,24.5,0,0,0,0.5
05,14,LAS,SEA,-5.823529411764706,76,0,0.3333333333333333,0,15
05,14,LAX,SEA,3.779220779220779,39,0,5.583333333333333,0,19.333333333333332
05,14,ORD,SEA,0.28205128205128205,15.5,0,5.166666666666667,0,17.166666666666668
05,14,PDX,SEA,-7.6,0,0,0,0,0
05,14,PHX,SEA,-7.551020408163265,15.5,0,0,0,19.5
05,14,SFO,SEA,2.8125,4.75,0,5.25,0,29.5
05,14,SJC,SEA,3.8529411764705883,26.375,0,6,0,6.375
05,15,ANC,SEA,-4.327868852459017,9.8,0,22.4,0,0
05,15,DEN,SEA,1.9454545454545455,8.071428571428571,1.6428571428571428,13.285714285714286,0,13.142857142857142
05,15,DFW,SEA,-13.75,8.5,0,0,0,8
05,15,LAS,SEA,0.5094339622641509,1.8,0,18.1,0,9.2
05,15,LAX,SEA,18.36046511627907,17.548387096774192,0.3548387096774194,18.580645161290324,0,15.483870967741936
05,15,ORD,SEA,-1.951219512195122,1.6,0,17.4,0,14.6
05,15,PDX,SEA,5.869565217391305,2.6666666666666665,5,13.833333333333334,0,8.166666666666666
05,15,PHX,SEA,-1.8431372549019607,0.14285714285714285,2.5714285714285716,23.142857142857142,0,16.571428571428573
05,15,SFO,SEA,15.267605633802816,4.269230769230769,0,18.346153846153847,0,19.076923076923077
05,15,SJC,SEA,15.666666666666666,9.538461538461538,0,17.153846153846153,0,18.307692307692307
05,16,ANC,SEA,-3.1,11.285714285714286,0,14.285714285714286,0,7.142857142857143
05,16,DEN,SEA,0.9807692307692307,4.111111111111111,8.333333333333334,15.333333333333334,0,16.333333333333332
05,16,DFW,SEA,3.71875,18.77777777777778,1.6666666666666667,14,0,8.88888888888889
05,16,LAS,SEA,4.215686274509804,3.142857142857143,0,14.285714285714286,0,21.142857142857142
05,16,LAX,SEA,12.946666666666667,7.5,0.3,18.4,0,6.066666666666666
05,16,ORD,SEA,-10.948717948717949,2.6666666666666665,0,0,0,31.333333333333332
05,16,PDX,SEA,8.272727272727273,0.8571428571428571,0,13,0,12.857142857142858
05,16,PHX,SEA,9.137254901960784,12.428571428571429,1.6428571428571428,12.142857142857142,0,13
05,16,SFO,SEA,15.161764705882353,5.208333333333333,0,23.791666666666668,0,15.458333333333334
05,16,SJC,SEA,7.333333333333333,1.7,0,19.3,0,2.2
05,17,ANC,SEA,-6,19,0,0,0,0
05,17,DEN,SEA,-1.018181818181818,33.375,0,5.125,0,15
05,17,DFW,SEA,-7.34375,46.5,0,0,0,0
05,17,LAS,SEA,7.773584905660377,16.75,0,13.833333333333334,0,12.416666666666666
05,17,LAX,SEA,12.194805194805195,8.916666666666666,0,27.791666666666668,0,11.666666666666666
05,17,ORD,SEA,-7.658536585365853,13.2,0,19.6,0,3.6
05,17,PDX,SEA,-0.5217391304347826,2.5,0,18.75,0,8.25
05,17,PHX,SEA,1.7692307692307692,7.5,0,13.4,0,17.4
05,17,SFO,SEA,7.588235294117647,14,2.789473684210526,8.68421052631579,0,12.421052631578947
05,17,SJC,SEA,2.6842105263157894,2.4285714285714284,0,15.714285714285714,0,5
05,18,ANC,SEA,-9.524590163934427,0,0,17,0,0
05,18,DEN,SEA,9.074074074074074,19.625,0,9.5,0,13.5625
05,18,DFW,SEA,-3.4193548387096775,6.166666666666667,0,19.166666666666668,0,5.666666666666667
05,18,LAS,SEA,5.283018867924528,6.916666666666667,1.75,10.916666666666666,0,12
05,18,LAX,SEA,7.963855421686747,5.5,0,19.045454545454547,0,10.136363636363637
05,18,ORD,SEA,9.024390243902438,62.285714285714285,0,19.142857142857142,0,24.428571428571427
05,18,PDX,SEA,-1.7391304347826086,7,0,4,0,23.5
05,18,PHX,SEA,-0.11764705882352941,3.6,0,10.4,0,12.4
05,18,SFO,SEA,5.71830985915493,0.9444444444444444,2.388888888888889,9.777777777777779,0,19.38888888888889
05,18,SJC,SEA,6.2368421052631575,7,0,12.5,0.75,18.375
05,19,ANC,SEA,-9.396825396825397,0,0,13,0,9.5
05,19,DEN,SEA,6.351851851851852,10.666666666666666,0,12.25,0,16.583333333333332
05,19,DFW,SEA,9.28125,11,0,11.583333333333334,0,11.416666666666666
05,19,LAS,SEA,5.87037037037037,28.22222222222222,0,10.88888888888889,0,19.666666666666668
05,19,LAX,SEA,8.476744186046512,13.91304347826087,0,11.347826086956522,0,16.652173913043477
05,19,ORD,SEA,3.380952380952381,12.25,0,5.375,0,31.875
05,19,PDX,SEA,-2.130434782608696,3.3333333333333335,0,14,0,3.3333333333333335
05,19,PHX,SEA,2.923076923076923,21,0,12.625,0,2.25
05,19,SFO,SEA,19.757142857142856,9.67741935483871,0,11.516129032258064,0.45161290322580644,26.258064516129032
05,19,SJC,SEA,4.447368421052632,39.8,0,4.2,0,10.8
05,20,ANC,SEA,-1.728813559322034,42.6,0,5.8,0,3.4
05,20,DEN,SEA,3.8823529411764706,32.6,0,7,0,9
05,20,DFW,SEA,-12.6875,0,0,0,0,0
05,20,LAS,SEA,3.6346153846153846,35.9,0,8.4,0,15
05,20,LAX,SEA,2.9,44.69230769230769,0,8.615384615384615,2.076923076923077,11.384615384615385
05,20,ORD,SEA,2.575,7.75,0,0.25,0,51
05,20,PDX,SEA,-2.2857142857142856,1.25,4.25,12.25,0,1
05,20,PHX,SEA,-4.8431372549019605,0.6,0,15.4,0,11.8
05,20,SFO,SEA,24.746031746031747,8.333333333333334,0,7.966666666666667,0,39.666666666666664
05,20,SJC,SEA,2.5675675675675675,1.75,0,13.75,0,50.25
05,21,ANC,SEA,-3.193548387096774,22.666666666666668,0,2.6666666666666665,0,10
05,21,DEN,SEA,-5.529411764705882,7,0,7,0,18
05,21,DFW,SEA,5.090909090909091,21.8,0,1.3,0,26.8
05,21,LAS,SEA,0.48,10.5,0,6.5,0,56.25
05,21,LAX,SEA,2.721518987341772,5.153846153846154,0,12.076923076923077,0,19.153846153846153
05,21,ORD,SEA,-2.2051282051282053,13.166666666666666,0,0,0,46.166666666666664
05,21,PDX,SEA,-7.05,0,0,0,0,0
05,21,PHX,SEA,-5.877551020408164,0,0,12.333333333333334,0,32
05,21,SFO,SEA,24.52542372881356,27.818181818181817,0,4.2272727272727275,0.4090909090909091,36.31818181818182
05,21,SJC,SEA,4.205882352941177,12.666666666666666,0,7.666666666666667,0,19.5
05,22,ANC,SEA,-0.09375,6.666666666666667,0,2.3333333333333335,0,58.333333333333336
05,22,DEN,SEA,-0.09090909090909091,13.444444444444445,0,5.777777777777778,0,7.888888888888889
05,22,DFW,SEA,-6.15625,11.666666666666666,0,1,0,8.666666666666666
05,22,LAS,SEA,2.188679245283019,4.111111111111111,0,12.11111111111111,0.8888888888888888,17
05,22,LAX,SEA,4.9186046511627906,10.19047619047619,0.2857142857142857,11.19047619047619,0,17.666666666666668
05,22,ORD,SEA,-6.3,0,0,1.3333333333333333,0,51
05,22,PDX,SEA,-3.8636363636363638,0,0,11,0,13
05,22,PHX,SEA,-1.8076923076923077,8.333333333333334,0,7.666666666666667,0,18.833333333333332
05,22,SFO,SEA,10.571428571428571,10.952380952380953,0.7619047619047619,9,0,24.61904761904762
05,22,SJC,SEA,5.555555555555555,10.714285714285714,0,6.714285714285714,0,19.857142857142858
05,23,ANC,SEA,-5.9375,14.333333333333334,0,1.8333333333333333,0,19
05,23,DEN,SEA,7.2745098039215685,6.2,0,4.1,0,41.9
05,23,DFW,SEA,4.709677419354839,15.833333333333334,1.5,12.833333333333334,0,12
05,23,LAS,SEA,-6.372549019607843,7.333333333333333,0,1,0,81
05,23,LAX,SEA,1.4125,10.454545454545455,0,15.727272727272727,0,31.727272727272727
05,23,ORD,SEA,-3.128205128205128,10,0,5,0,43.75
05,23,PDX,SEA,-5.590909090909091,0,0,15.5,0,4.5
05,23,PHX,SEA,-5.729166666666667,6.4,0,10.2,0,5.8
05,23,SFO,SEA,10.121212121212121,13.529411764705882,0,6.705882352941177,0,31.058823529411764
05,23,SJC,SEA,6.861111111111111,82,0,2.2,0,11.8
05,24,ANC,SEA,-5.19672131147541,0,0,8.25,0,32.25
05,24,DEN,SEA,5.980769230769231,3.1666666666666665,0.16666666666666666,4.833333333333333,0,45.166666666666664
05,24,DFW,SEA,-1.967741935483871,24.166666666666668,0,4.166666666666667,2.3333333333333335,4.166666666666667
05,24,LAS,SEA,1.6326530612244898,43.42857142857143,0,2.5714285714285716,0,20.428571428571427
05,24,LAX,SEA,1.9615384615384615,13.25,0,21.333333333333332,0,10
05,24,ORD,SEA,-1.4736842105263157,13.857142857142858,0,13.714285714285714,0,17.714285714285715
05,24,PDX,SEA,22.095238095238095,539,0,0,0,0
05,24,PHX,SEA,-0.9791666666666666,35.333333333333336,0,0,0,8.5
05,24,SFO,SEA,12.915254237288135,5.5,0,7.4375,0.5625,41.3125
05,24,SJC,SEA,6.9375,4.5,0,11.5,0,136
05,25,ANC,SEA,-7.428571428571429,1.5,0,6.25,0,9
05,25,DEN,SEA,2.2264150943396226,15,0,0.7272727272727273,0,27.90909090909091
05,25,DFW,SEA,10.59375,12.714285714285714,26.428571428571427,0,0,36.714285714285715
05,25,LAS,SEA,0.8823529411764706,8.375,9.875,9.5,0,6.875
05,25,LAX,SEA,7.023809523809524,4,0.7142857142857143,11.952380952380953,0,14
05,25,ORD,SEA,10.794871794871796,31.375,4,0,0,70
05,25,PDX,SEA,2.0454545454545454,0,20.5,3.5,0,26
05,25,PHX,SEA,1,9.6,0,0,0,51
05,25,SFO,SEA,19.333333333333332,6.08,0,8.36,0,42.12
05,25,SJC,SEA,3.3513513513513513,2.6666666666666665,0,15,0,17
05,26,ANC,SEA,-6.378787878787879,12.5,0,6.5,0,23.5
05,26,DEN,SEA,8.018518518518519,11,2.642857142857143,8.785714285714286,0,32.07142857142857
05,26,DFW,SEA,43.05882352941177,43.375,10.5,23.5,0,120.75
05,26,LAS,SEA,3.7222222222222223,19.22222222222222,0,1.5555555555555556,0,17.333333333333332
05,26,LAX,SEA,7.840909090909091,29.428571428571427,0,14.857142857142858,0,12
05,26,ORD,SEA,-0.9047619047619048,12.777777777777779,6,5.444444444444445,0,20.555555555555557
05,26,PDX,SEA,-2.6818181818181817,1,0,11,0,17
05,26,PHX,SEA,4.490196078431373,42.166666666666664,0,0.5,0,25.166666666666668
05,26,SFO,SEA,20.014492753623188,22.08,0,3.12,0,34.56
05,26,SJC,SEA,2.973684210526316,2.25,0,15,0,3
05,27,ANC,SEA,-10.46031746031746,32,0,1,0,0
05,27,DEN,SEA,3.0816326530612246,9.272727272727273,0,1.5454545454545454,0,31.818181818181817
05,27,DFW,SEA,-1.125,40.5,0,7.25,0,3
05,27,LAS,SEA,0.7692307692307693,43.57142857142857,0,0.2857142857142857,0,15.714285714285714
05,27,LAX,SEA,0.6790123456790124,9.416666666666666,0,6.25,0,18.916666666666668
05,27,ORD,SEA,12.263157894736842,26.666666666666668,0,7.888888888888889,0,59.666666666666664
05,27,PDX,SEA,2.263157894736842,25.75,0,4.5,0,7.5
05,27,PHX,SEA,2.2653061224489797,12.375,0,10.625,0,4.125
05,27,SFO,SEA,15.564516129032258,10.25,0,13.25,0,44.4375
05,27,SJC,SEA,0.6944444444444444,5,0,2.3333333333333335,0,28
05,28,ANC,SEA,-5.3125,6.166666666666667,0,13,0,0
05,28,DEN,SEA,-0.9787234042553191,36.666666666666664,0,0,0,44.666666666666664
05,28,DFW,SEA,0.8709677419354839,17.4,0,15.6,0,8
05,28,LAS,SEA,-5,23.75,0,0,0,22.5
05,28,LAX,SEA,-3.1232876712328768,8.375,0,10.625,0,22.875
05,28,ORD,SEA,-7.216216216216216,20,0,0,0,9
05,28,PDX,SEA,-10,0,0,22,0,0
05,28,PHX,SEA,-0.45652173913043476,27,0,0.25,0,27.25
05,28,SFO,SEA,10.758620689655173,13.615384615384615,0,2.923076923076923,0,50.30769230769231
05,28,SJC,SEA,-2.8125,18,0,0.75,0,12.25
05,29,ANC,SEA,-0.7205882352941176,15.857142857142858,0,8.857142857142858,0,41.42857142857143
05,29,DEN,SEA,1.7692307692307692,1.625,0,13,0,19.5
05,29,DFW,SEA,7.71875,15.875,9,10.625,0,11.25
05,29,LAS,SEA,-7.06,8.666666666666666,0,1.6666666666666667,0,18.666666666666668
05,29,LAX,SEA,-2.6904761904761907,12.11111111111111,0,8,0,9.777777777777779
05,29,ORD,SEA,-1.5405405405405406,17.5,0,0,0,42.833333333333336
05,29,PDX,SEA,-1.25,11.333333333333334,0,11,0,5
05,29,PHX,SEA,5.081632653061225,27.444444444444443,0,5,0,34.22222222222222
05,29,SFO,SEA,7.166666666666667,8.6875,0,3.875,0,36
05,29,SJC,SEA,8.21875,31.666666666666668,0,1.1666666666666667,0,34.333333333333336
05,30,ANC,SEA,9.742424242424242,107.71428571428571,0,37.285714285714285,0,4.285714285714286
05,30,DEN,SEA,12.705882352941176,8.133333333333333,4.6,30.8,0,6.933333333333334
05,30,DFW,SEA,5.46875,5,22.5,19,0,9.166666666666666
05,30,LAS,SEA,18.46938775510204,40.916666666666664,0,33.25,0,35.666666666666664
05,30,LAX,SEA,1.064102564102564,13.416666666666666,0,39.75,0,2.25
05,30,ORD,SEA,14.102564102564102,21.5,0,20.583333333333332,0,14.666666666666666
05,30,PDX,SEA,22.9,0,0,22.857142857142858,0,50.714285714285715
05,30,PHX,SEA,2,0.5714285714285714,0,43.142857142857146,0,5.714285714285714
05,30,SFO,SEA,8.646153846153846,7.578947368421052,0,12.631578947368421,0,27.42105263157895
05,30,SJC,SEA,-3.6,0,0,81,0,0
05,31,ANC,SEA,0.23529411764705882,12.857142857142858,0,14.285714285714286,0,0
05,31,DEN,SEA,-1.9811320754716981,10.4,0,0.6,0,26.8
05,31,DFW,SEA,2.935483870967742,6.2,38.2,0.2,0,36.2
05,31,LAS,SEA,-7.811320754716981,2,0,6.333333333333333,0,36.333333333333336
05,31,LAX,SEA,-4.773809523809524,18.5,0,26,0,3.5
05,31,ORD,SEA,27.536585365853657,24.1,39.1,51.3,0,24.7
05,31,PDX,SEA,7.904761904761905,235,0,27,0,0
05,31,PHX,SEA,-6.04,11.5,0,12.5,0,13
05,31,SFO,SEA,2.388059701492537,7.5,0,2.5,2.875,67.5
05,31,SJC,SEA,-7.394736842105263,9.333333333333334,0,18.666666666666668,0,0.3333333333333333
06,01,ANC,SEA,1.6666666666666667,8.125,0,11.625,0,21.625
06,01,DEN,SEA,4.074074074074074,11,0,2.2222222222222223,0,42.111111111111114
06,01,DFW,SEA,-1.696969696969697,18.428571428571427,3.4285714285714284,4,0,4.714285714285714
06,01,LAS,SEA,4.150943396226415,7.555555555555555,0,12.11111111111111,0,34.22222222222222
06,01,LAX,SEA,1.4252873563218391,15.181818181818182,0,7.818181818181818,0,12.181818181818182
06,01,ORD,SEA,6,15.090909090909092,0,6.909090909090909,0,29.09090909090909
06,01,PDX,SEA,32.69565217391305,237,0,0,0,42.666666666666664
06,01,PHX,SEA,-0.3877551020408163,18.833333333333332,0,5.166666666666667,0,4
06,01,SFO,SEA,3.492957746478873,6.833333333333333,0,8.666666666666666,0,26.5
06,01,SJC,SEA,2.789473684210526,5.666666666666667,0,11,0,28.166666666666668
06,02,ANC,SEA,1.9264705882352942,14.11111111111111,0,4.222222222222222,0,17.666666666666668
06,02,DEN,SEA,4.2592592592592595,15.4,0,3.9,0,19.8
06,02,DFW,SEA,38.121212121212125,0.42857142857142855,33,16.071428571428573,0,47.285714285714285
06,02,LAS,SEA,0.32075471698113206,40.666666666666664,0,8,0,8
06,02,LAX,SEA,0.6559139784946236,8.461538461538462,0,11.923076923076923,0,26
06,02,ORD,SEA,11.272727272727273,41.2,0,28.8,0,2.8
06,02,PDX,SEA,18,1.1666666666666667,0,19.166666666666668,0,55.5
06,02,PHX,SEA,-0.52,12.6,0,9.8,0,5.4
06,02,SFO,SEA,6.8,24.083333333333332,0,7.916666666666667,0,29.5
06,02,SJC,SEA,-4.7368421052631575,0,0,26,0,0
06,03,ANC,SEA,8.686567164179104,22,0,12.714285714285714,0,75.28571428571429
06,03,DEN,SEA,1.411764705882353,17.5,0.8333333333333334,1.5,0,37.333333333333336
06,03,DFW,SEA,9.875,59.666666666666664,0,0,0,52.5
06,03,LAS,SEA,-7.176470588235294,10.8,0,0.2,0,47.4
06,03,LAX,SEA,-6.726190476190476,34.333333333333336,0,5.333333333333333,0,6.333333333333333
06,03,ORD,SEA,-2.7209302325581395,13,0,5.571428571428571,0,5
06,03,PDX,SEA,-2.9545454545454546,0,0,1.5,0,45
06,03,PHX,SEA,-5.3125,23.25,0,0,0,16.5
06,03,SFO,SEA,8.5,3.8181818181818183,0,19.727272727272727,0,63.18181818181818
06,03,SJC,SEA,-9.13888888888889,0,0,7.5,0,9.5
06,04,ANC,SEA,-0.391304347826087,5.857142857142857,0,11.428571428571429,0,37.57142857142857
06,04,DEN,SEA,0.2545454545454545,14.6,0.3,3.7,0,21.5
06,04,DFW,SEA,-3.128205128205128,32.25,0,6.25,0,8.5
06,04,LAS,SEA,-6.215686274509804,13.571428571428571,0,3.5714285714285716,0,12.714285714285714
06,04,LAX,SEA,-4.011904761904762,8.333333333333334,0,10.777777777777779,0,19.11111111111111
06,04,ORD,SEA,-6.930232558139535,19.833333333333332,0,6.5,0,8.166666666666666
06,04,PDX,SEA,-9.466666666666667,0,0,0,0,0
06,04,PHX,SEA,-5.122448979591836,19.666666666666668,0,5.333333333333333,0,8.5
06,04,SFO,SEA,21.45762711864407,25.714285714285715,1.380952380952381,1.7619047619047619,1.5714285714285714,46.80952380952381
06,04,SJC,SEA,25.441176470588236,205.75,0,0,0,51
06,05,ANC,SEA,-2.3378378378378377,3.3333333333333335,0,9.5,0,17.166666666666668
06,05,DEN,SEA,-0.01639344262295082,22.636363636363637,0,7.363636363636363,0,22.90909090909091
06,05,DFW,SEA,1.6,45.166666666666664,0,0,0,26.5
06,05,LAS,SEA,-5.60377358490566,3.25,0,2.5,0,26.5
06,05,LAX,SEA,-0.3626373626373626,13.692307692307692,1.2307692307692308,11.923076923076923,0,7.3076923076923075
06,05,ORD,SEA,-0.22222222222222224,61,0,0,0,41
06,05,PDX,SEA,-9.625,0,0,0,0,0
06,05,PHX,SEA,1,5.1,0,8.2,0,14
06,05,SFO,SEA,7.130434782608695,19.214285714285715,1.2142857142857142,0.35714285714285715,0,34.357142857142854
06,05,SJC,SEA,13.567567567567568,114,0,0.6,0,16.6
06,06,ANC,SEA,-0.9315068493150684,28.22222222222222,0,11.666666666666666,0,0.5555555555555556
06,06,DEN,SEA,2.3220338983050848,14.25,8.125,12,0,47.25
06,06,DFW,SEA,11.076923076923077,48.7,0,8.4,0,11.7
06,06,LAS,SEA,-8.92156862745098,48.5,0,0,0,19.5
06,06,LAX,SEA,-3.8505747126436782,7.8,0.6,39.8,0,0
06,06,ORD,SEA,3.8636363636363638,60.875,0,2.625,0,11
06,06,PDX,SEA,-0.625,61.5,0,11,0,0
06,06,PHX,SEA,-6.530612244897959,14,0,0,0,10
06,06,SFO,SEA,-4.625,10.6,0,10,0,13.2
06,06,SJC,SEA,1.3714285714285714,46.333333333333336,0,3,0,30.333333333333332
06,07,ANC,SEA,-3.675675675675676,0.2222222222222222,0,14.444444444444445,0,4.777777777777778
06,07,DEN,SEA,4.901639344262295,21.785714285714285,3.4285714285714284,10.714285714285714,0,23.357142857142858
06,07,DFW,SEA,-0.5526315789473685,69.25,0,1,0,4
06,07,LAS,SEA,-2.86,14.714285714285714,0,0.14285714285714285,0,36.42857142857143
06,07,LAX,SEA,-3.3626373626373627,28.77777777777778,0,7.222222222222222,0,15.333333333333334
06,07,ORD,SEA,5.608695652173913,8.333333333333334,1.0833333333333333,11.5,0,25.583333333333332
06,07,PDX,SEA,-3.0588235294117645,0,0,12,0,7.666666666666667
06,07,PHX,SEA,-4.38,48,0,2,0,16.75
06,07,SFO,SEA,-0.5238095238095238,26.875,0,1.125,2.75,34
06,07,SJC,SEA,-6.5,0,0,0,0,0
06,08,ANC,SEA,1.5466666666666666,5.833333333333333,0,18,0,3.1666666666666665
06,08,DEN,SEA,10.67741935483871,16.77777777777778,4.388888888888889,25.77777777777778,0,10.38888888888889
06,08,DFW,SEA,2.9743589743589745,12.875,0,5,0,19.375
06,08,LAS,SEA,1.1568627450980393,3,2.4,32.9,0,7.1
06,08,LAX,SEA,5.333333333333333,7,0,22.26086956521739,0.6956521739130435,12.956521739130435
06,08,ORD,SEA,-1.3555555555555556,11,8.375,15.375,0,13.375
06,08,PDX,SEA,1.7647058823529411,0,0.5,19.75,0,4.75
06,08,PHX,SEA,14.717391304347826,2.5,3.7,25.3,0,55.6
06,08,SFO,SEA,21.6,14.555555555555555,0,11.444444444444445,0,40.592592592592595
06,08,SJC,SEA,7.513513513513513,5.333333333333333,16.666666666666668,24.88888888888889,0,16.666666666666668
06,09,ANC,SEA,-0.43243243243243246,18.5,0,10.25,0,8.75
06,09,DEN,SEA,6.092307692307692,5.666666666666667,6.466666666666667,6.333333333333333,0,20.266666666666666
06,09,DFW,SEA,20.05,19.615384615384617,4,4.153846153846154,0,41.23076923076923
06,09,LAS,SEA,2.2777777777777777,22.75,0,7.125,0,19
06,09,LAX,SEA,5.414893617021277,12.176470588235293,0,7.529411764705882,0.35294117647058826,21.529411764705884
06,09,ORD,SEA,-2.717391304347826,21.666666666666668,0,5.333333333333333,0,7.166666666666667
06,09,PDX,SEA,7.473684210526316,9.5,0,15,0,3.3333333333333335
06,09,PHX,SEA,8.591836734693878,60.666666666666664,0,2.4444444444444446,0,20.11111111111111
06,09,SFO,SEA,20.308823529411764,7.555555555555555,0,6.962962962962963,0.9629629629629629,42.407407407407405
06,09,SJC,SEA,3.7567567567567566,21.666666666666668,0,4.5,0,28.833333333333332
06,10,ANC,SEA,-2.712328767123288,20,0,13,0,0
06,10,DEN,SEA,1.9180327868852458,21.5,0,3.4,0,21.3
06,10,DFW,SEA,-0.85,16.833333333333332,0,0,0,26
06,10,LAS,SEA,5.745098039215686,63.57142857142857,0,4.142857142857143,0,27.571428571428573
06,10,LAX,SEA,2.7790697674418605,15.636363636363637,0,6.545454545454546,0,33.54545454545455
06,10,ORD,SEA,9.318181818181818,55.55555555555556,0,11.444444444444445,0,11.222222222222221
06,10,PDX,SEA,6.947368421052632,17.333333333333332,0,13,0,21
06,10,PHX,SEA,-1.3673469387755102,38.5,0,2.1666666666666665,0,18.5
06,10,SFO,SEA,8.676470588235293,22.466666666666665,0,6.466666666666667,0,27.133333333333333
06,10,SJC,SEA,-1.945945945945946,4.25,0,12.25,0,19.5
06,11,ANC,SEA,-8.931506849315069,0,0,9,0,8.25
06,11,DEN,SEA,9.360655737704919,40.23076923076923,0,9.923076923076923,0,19.384615384615383
06,11,DFW,SEA,-1.6153846153846154,11.125,5.875,4.25,0,8.25
06,11,LAS,SEA,-7.320754716981132,7.2,0,5.4,0,18.6
06,11,LAX,SEA,3.011764705882353,14.666666666666666,0,7.583333333333333,2.9166666666666665,16.333333333333332
06,11,ORD,SEA,2.088888888888889,41.5,0,9,0,19
06,11,PDX,SEA,-1.8888888888888888,0,3.6666666666666665,16.666666666666668,0,0
06,11,PHX,SEA,-6.28,9.6,0,4.2,0,3.4
06,11,SFO,SEA,12.140625,14.941176470588236,1.0588235294117647,11.176470588235293,0,24.470588235294116
06,11,SJC,SEA,11.36111111111111,47.875,0,4.25,0,6
06,12,ANC,SEA,-8.31578947368421,10.2,0,1.2,0,11.4
06,12,DEN,SEA,5.8,7.2727272727272725,0.7727272727272727,8.5,0,16.59090909090909
06,12,DFW,SEA,11.256410256410257,14,34.375,4.625,0,34.25
06,12,LAS,SEA,18.826923076923077,7.2105263157894735,0.5263157894736842,15.894736842105264,0,33.31578947368421
06,12,LAX,SEA,12.559139784946236,5.827586206896552,0,20.689655172413794,0.06896551724137931,9.03448275862069
06,12,ORD,SEA,10.808510638297872,30.76923076923077,0,8.76923076923077,0,25.307692307692307
06,12,PDX,SEA,5.260869565217392,6.8,2.8,1.8,0,34.8
06,12,PHX,SEA,7.122448979591836,4.785714285714286,1.2857142857142858,21.214285714285715,0,13.928571428571429
06,12,SFO,SEA,21.095890410958905,6.566666666666666,0,22.633333333333333,0,20.5
06,12,SJC,SEA,14.18918918918919,3.7,5.1,24.2,0,12.8
06,13,ANC,SEA,-8.6,0,0,0,0,46
06,13,DEN,SEA,54.54838709677419,68.93103448275862,3.3448275862068964,14.724137931034482,0,36.6551724137931
06,13,DFW,SEA,33.21052631578947,30.058823529411764,3.1176470588235294,12,0,32.11764705882353
06,13,LAS,SEA,1.5,5.571428571428571,0,11.642857142857142,0,9.071428571428571
06,13,LAX,SEA,10.844444444444445,16.82608695652174,0,24.347826086956523,0,7.3478260869565215
06,13,ORD,SEA,-0.15555555555555556,10.8,12,11.7,0,4.9
06,13,PDX,SEA,-0.4782608695652174,9.25,0,2.5,0,7.5
06,13,PHX,SEA,12,12.352941176470589,0,13.411764705882353,0,14.470588235294118
06,13,SFO,SEA,14.397058823529411,1.2,1.64,28.84,0.32,13.32
06,13,SJC,SEA,8.771428571428572,10,3.4545454545454546,9.545454545454545,1.0909090909090908,4.363636363636363
06,14,ANC,SEA,-2.7837837837837838,3,0,7.142857142857143,0,38.42857142857143
06,14,DEN,SEA,28.984615384615385,71.36842105263158,0,5.052631578947368,0,25.94736842105263
06,14,DFW,SEA,15.710526315789474,11.666666666666666,0,8.833333333333334,0,39.25
06,14,LAS,SEA,6.509803921568627,6.444444444444445,0,14.88888888888889,0,34.666666666666664
06,14,LAX,SEA,-0.26373626373626374,2.4615384615384617,0,11.923076923076923,0,14
06,14,ORD,SEA,43.40425531914894,25.625,15.625,7.375,0,93.25
06,14,PDX,SEA,-1.3478260869565217,0.6,8.2,8,0,5
06,14,PHX,SEA,9.666666666666666,9.181818181818182,0,12.636363636363637,0,33.27272727272727
06,14,SFO,SEA,7.3768115942028984,7.157894736842105,0.5789473684210527,14.947368421052632,0,19
06,14,SJC,SEA,4.527777777777778,5.222222222222222,0,11,0,10.11111111111111
06,15,ANC,SEA,-3.038961038961039,12,0,8.857142857142858,0,10.285714285714286
06,15,DEN,SEA,22,10.461538461538462,0,16.76923076923077,0,31.192307692307693
06,15,DFW,SEA,14.425,17.058823529411764,0,18.58823529411765,0,5.705882352941177
06,15,LAS,SEA,5.320754716981132,28.09090909090909,0,16.272727272727273,0,4.090909090909091
06,15,LAX,SEA,8.877777777777778,7.730769230769231,0,18.26923076923077,0,17.692307692307693
06,15,ORD,SEA,46.95238095238095,37.95454545454545,7.681818181818182,12.227272727272727,0,36.90909090909091
06,15,PDX,SEA,6.260869565217392,0.8333333333333334,3.3333333333333335,21.333333333333332,0,5.833333333333333
06,15,PHX,SEA,12.285714285714286,18.818181818181817,0,15.545454545454545,0,32.90909090909091
06,15,SFO,SEA,14.986486486486486,6.769230769230769,3.0384615384615383,20.53846153846154,0.5,20.846153846153847
06,15,SJC,SEA,9.277777777777779,4.666666666666667,3.5,18.25,0,9.25
06,16,ANC,SEA,-1.1486486486486487,22.285714285714285,0,6.285714285714286,0,32.42857142857143
06,16,DEN,SEA,18.83076923076923,18.90909090909091,0,9.545454545454545,0,25.181818181818183
06,16,DFW,SEA,9.575,3.3846153846153846,0,13.307692307692308,0,14.615384615384615
06,16,LAS,SEA,-1.1111111111111112,18.333333333333332,0,3.5555555555555554,0,20.333333333333332
06,16,LAX,SEA,1.553191489361702,9.090909090909092,0,3.8181818181818183,2.8181818181818183,28.818181818181817
06,16,ORD,SEA,4.212765957446808,19,3.111111111111111,8.777777777777779,0,16
06,16,PDX,SEA,0.8636363636363636,19.333333333333332,0,3.3333333333333335,0,25
06,16,PHX,SEA,5.42,8.1,0,7.3,0.2,27.8
06,16,SFO,SEA,6.338028169014085,11.6,0,4.266666666666667,0,28.866666666666667
06,16,SJC,SEA,-0.9444444444444444,33,0,10,0,0
06,17,ANC,SEA,-6.933333333333334,20.666666666666668,0,1.6666666666666667,0,21.333333333333332
06,17,DEN,SEA,7.966666666666667,15,0,6.909090909090909,0,37.63636363636363
06,17,DFW,SEA,16.92105263157895,9.0625,6.5625,11.875,0,18.3125
06,17,LAS,SEA,1.6470588235294117,24.166666666666668,0,5,0,48.833333333333336
06,17,LAX,SEA,-3.5113636363636362,16.555555555555557,0,6.666666666666667,0,15.666666666666666
06,17,ORD,SEA,26.113636363636363,14,6.117647058823529,13.117647058823529,0,45.94117647058823
06,17,PDX,SEA,-4.333333333333333,0,0,0,0,0
06,17,PHX,SEA,2,28.333333333333332,0,2.6666666666666665,0,3.5
06,17,SFO,SEA,2.2285714285714286,44.3,1.2,3.1,0,16.5
06,17,SJC,SEA,1.7941176470588236,52.666666666666664,0,0,0,49.333333333333336
06,18,ANC,SEA,-3.493150684931507,15.833333333333334,0,2.6666666666666665,0,19.166666666666668
06,18,DEN,SEA,14.639344262295081,12.722222222222221,0,11,0,27.666666666666668
06,18,DFW,SEA,6.65,8.166666666666666,0,9,0,49.333333333333336
06,18,LAS,SEA,-1.3461538461538463,21.25,2.75,22.125,0,3.25
06,18,LAX,SEA,1.9080459770114941,6.117647058823529,0,18,0,15.176470588235293
06,18,ORD,SEA,22.177777777777777,13.045454545454545,0,15.681818181818182,0,19.772727272727273
06,18,PDX,SEA,16.875,116,0,16.25,0,0
06,18,PHX,SEA,12.54,15.882352941176471,0.7647058823529411,15.882352941176471,0.47058823529411764,15.411764705882353
06,18,SFO,SEA,8.409090909090908,11.529411764705882,0,8.294117647058824,0,33.23529411764706
06,18,SJC,SEA,1.6176470588235294,15,0,23,0,12
06,19,ANC,SEA,-1.6623376623376624,7.625,0,7.125,0,9.375
06,19,DEN,SEA,20.246153846153845,7.863636363636363,0,24.045454545454547,0,31.954545454545453
06,19,DFW,SEA,14.736842105263158,11.636363636363637,8.090909090909092,2.1818181818181817,0,33.81818181818182
06,19,LAS,SEA,3.823529411764706,6.846153846153846,3.076923076923077,18,0,12.384615384615385
06,19,LAX,SEA,7.736263736263736,5.217391304347826,0,24.304347826086957,0,17.82608695652174
06,19,ORD,SEA,21.875,12.333333333333334,0.5238095238095238,18.428571428571427,0,22.952380952380953
06,19,PDX,SEA,6,5.833333333333333,7.666666666666667,7.5,0,23.5
06,19,PHX,SEA,18.06122448979592,38.07692307692308,0,13.153846153846153,0,29.384615384615383
06,19,SFO,SEA,11.859154929577464,9.416666666666666,0.125,19.041666666666668,0,15.708333333333334
06,19,SJC,SEA,7.914285714285715,28.875,0,18.25,0,5.875
06,20,ANC,SEA,-3.7466666666666666,10.714285714285714,0,14.285714285714286,0,13.571428571428571
06,20,DEN,SEA,11.555555555555555,6.526315789473684,1.368421052631579,16.42105263157895,0,15.894736842105264
06,20,DFW,SEA,11.307692307692308,15.615384615384615,0,9.153846153846153,0,21.076923076923077
06,20,LAS,SEA,6.16,26,0,16,0,9.818181818181818
06,20,LAX,SEA,10.770114942528735,8.464285714285714,0,20.642857142857142,0,19.321428571428573
06,20,ORD,SEA,21.125,6.458333333333333,8.25,18.083333333333332,0,7.833333333333333
06,20,PDX,SEA,15.217391304347826,11.5,0,11,0,47.833333333333336
06,20,PHX,SEA,16.857142857142858,18.176470588235293,2.764705882352941,22.11764705882353,0.8235294117647058,16.647058823529413
06,20,SFO,SEA,7.764705882352941,15.88888888888889,0,23.944444444444443,0,9.722222222222221
06,20,SJC,SEA,15.970588235294118,29.9,0,26.2,0,14.6
06,21,ANC,SEA,-1.24,25.1,0,1.6,0,23.2
06,21,DEN,SEA,15.671875,6.875,1.4166666666666667,16.333333333333332,0,15.791666666666666
06,21,DFW,SEA,5.8108108108108105,24.142857142857142,0,3,0,10.857142857142858
06,21,LAS,SEA,3.34,3,4,17,0,17.555555555555557
06,21,LAX,SEA,8.869565217391305,8.095238095238095,0,21.19047619047619,0,24.38095238095238
06,21,ORD,SEA,13.568627450980392,15.066666666666666,0,17.8,0,6.866666666666666
06,21,PDX,SEA,-1.2727272727272727,1.25,10.25,4.25,0,17.25
06,21,PHX,SEA,7.836734693877551,26.555555555555557,0,29.444444444444443,0,15.777777777777779
06,21,SFO,SEA,14.588235294117647,15.529411764705882,0,16.941176470588236,0,46.588235294117645
06,21,SJC,SEA,4.228571428571429,6.714285714285714,0,31.428571428571427,0,8.428571428571429
06,22,ANC,SEA,-3.9473684210526314,23.285714285714285,0,4,0,19.142857142857142
06,22,DEN,SEA,9.2,13.4375,0.8125,6.875,0,14.375
06,22,DFW,SEA,9.282051282051283,15.727272727272727,0,5.181818181818182,0,18.727272727272727
06,22,LAS,SEA,4.773584905660377,33.333333333333336,0.2222222222222222,1.2222222222222223,0,26.22222222222222
06,22,LAX,SEA,-0.9139784946236559,6.8,11,10.1,0,15.3
06,22,ORD,SEA,36.395833333333336,12.416666666666666,2.1666666666666665,15.291666666666666,0,39.708333333333336
06,22,PDX,SEA,3.4347826086956523,0,0,0,0,68.66666666666667
06,22,PHX,SEA,4.3061224489795915,30.625,0,1.25,0,10.625
06,22,SFO,SEA,2.9864864864864864,12.181818181818182,0,11,0,24.272727272727273
06,22,SJC,SEA,5.6571428571428575,14.5,0,3.75,0,76.25
06,23,ANC,SEA,3.1486486486486487,296.3333333333333,0,3,0,4.666666666666667
06,23,DEN,SEA,32.707692307692305,18.551724137931036,0,11.758620689655173,0,40.06896551724138
06,23,DFW,SEA,12.025,28.5,0,1.4166666666666667,0,20.166666666666668
06,23,LAS,SEA,6.346153846153846,9.166666666666666,0,11.583333333333334,0,24.75
06,23,LAX,SEA,5.691489361702128,16.272727272727273,0,12.409090909090908,0,10.318181818181818
06,23,ORD,SEA,25.16,17.45,8.9,8.15,0,25.5
06,23,PDX,SEA,2.6956521739130435,0,0,18.666666666666668,0,22.333333333333332
06,23,PHX,SEA,10.36,17.466666666666665,0,8.533333333333333,0,19.2
06,23,SFO,SEA,8.567567567567568,10.157894736842104,0,18.526315789473685,0,21.157894736842106
06,23,SJC,SEA,5.285714285714286,1.4,0,22.8,0,13.4
06,24,ANC,SEA,2.108108108108108,22.846153846153847,0,13.153846153846153,0,1.7692307692307692
06,24,DEN,SEA,16.18032786885246,18.45,2.6,21.2,0,11.45
06,24,DFW,SEA,17.435897435897434,7.428571428571429,19.571428571428573,5.071428571428571,0,24.571428571428573
06,24,LAS,SEA,9.941176470588236,8.555555555555555,0,17.5,0,17.666666666666668
06,24,LAX,SEA,8.829545454545455,9.96,0,33.56,0,4
06,24,ORD,SEA,4.304347826086956,6,1.875,8.5,0,38.125
06,24,PDX,SEA,10,13.142857142857142,0,20.857142857142858,0,12.714285714285714
06,24,PHX,SEA,20.607843137254903,32.8,4.333333333333333,16.8,0,22.4
06,24,SFO,SEA,19.6231884057971,7.666666666666667,1.4444444444444444,20.88888888888889,0,30.37037037037037
06,24,SJC,SEA,11.558823529411764,7.6923076923076925,0,30.692307692307693,0,4.923076923076923
06,25,ANC,SEA,4.083333333333333,12.714285714285714,0,6.785714285714286,0,16.142857142857142
06,25,DEN,SEA,19.7,14.333333333333334,0.08333333333333333,23.708333333333332,0,20.291666666666668
06,25,DFW,SEA,8.325,27.285714285714285,0,14,0,47.142857142857146
06,25,LAS,SEA,7.283018867924528,4.25,4.833333333333333,19.833333333333332,0,28.666666666666668
06,25,LAX,SEA,6.804597701149425,4.526315789473684,0,16.263157894736842,0,40.94736842105263
06,25,ORD,SEA,7.4375,14.153846153846153,0,11.307692307692308,0,10.461538461538462
06,25,PDX,SEA,1.173913043478261,0,13,2,0,18
06,25,PHX,SEA,10.1,9.416666666666666,0,29.416666666666668,0,23.75
06,25,SFO,SEA,4.91044776119403,6.461538461538462,0,11.76923076923077,1.2307692307692308,40.23076923076923
06,25,SJC,SEA,10.764705882352942,20.3,0,20.4,0,10.9
06,26,ANC,SEA,-5.285714285714286,29,0,6,0,4.2
06,26,DEN,SEA,2.390625,7.25,0.08333333333333333,4.583333333333333,0,30.583333333333332
06,26,DFW,SEA,17.073170731707318,11.916666666666666,10.166666666666666,8.25,0,38.5
06,26,LAS,SEA,-5.788461538461538,2.8333333333333335,0,7.166666666666667,0,23.166666666666668
06,26,LAX,SEA,0.8695652173913043,10.833333333333334,0,9.083333333333334,1.5833333333333333,27.166666666666668
06,26,ORD,SEA,10.48,2.6153846153846154,0,7.384615384615385,0,46.61538461538461
06,26,PDX,SEA,-0.34782608695652173,31.75,0,9.5,0,4.25
06,26,PHX,SEA,-5.73469387755102,4.333333333333333,0,9.666666666666666,0,10.666666666666666
06,26,SFO,SEA,-1.8857142857142857,8.25,0,6.625,0,24.625
06,26,SJC,SEA,-6.0285714285714285,20.333333333333332,0,0,0,14
06,27,ANC,SEA,-6.108108108108108,0,0,8.5,0,16
06,27,DEN,SEA,4,40.22222222222222,0,6.777777777777778,0,11.11111111111111
06,27,DFW,SEA,12.342105263157896,14.272727272727273,9.818181818181818,5.454545454545454,0,22.636363636363637
06,27,LAS,SEA,0.9056603773584906,23.125,0,1.375,0,32.25
06,27,LAX,SEA,4.725274725274725,42.785714285714285,0,7.785714285714286,0,19.785714285714285
06,27,ORD,SEA,-9.979591836734693,11,0,6.5,0,5.5
06,27,PDX,SEA,1,1.5,0,14.75,0,16.75
06,27,PHX,SEA,3.979591836734694,8.76923076923077,1.7692307692307692,5.538461538461538,0,17.46153846153846
06,27,SFO,SEA,-1.0147058823529411,3.25,0,13.375,0,28.875
06,27,SJC,SEA,-2.4411764705882355,7.4,0,4.8,0,26.8
06,28,ANC,SEA,3.6533333333333333,26,0,13.090909090909092,0,24.636363636363637
06,28,DEN,SEA,17.06153846153846,10.2,0.45,13.2,0,41.15
06,28,DFW,SEA,9.105263157894736,20.555555555555557,0,9.88888888888889,0,18.77777777777778
06,28,LAS,SEA,19.26,44.4,7.6,12.866666666666667,0,11.533333333333333
06,28,LAX,SEA,6.489130434782608,5.642857142857143,0,14.857142857142858,0,16.107142857142858
06,28,ORD,SEA,5.34,22.7,0,9.1,0,28
06,28,PDX,SEA,-0.08695652173913043,0,0,23.6,0,8.2
06,28,PHX,SEA,9.625,12.0625,0,15.4375,0,11.5625
06,28,SFO,SEA,16.19402985074627,8.8,0,11.08,0,29.84
06,28,SJC,SEA,2.6857142857142855,8.142857142857142,0,23.428571428571427,0,7.714285714285714
06,29,ANC,SEA,0.8421052631578947,4.111111111111111,0,15.88888888888889,0,1.4444444444444444
06,29,DEN,SEA,13,12.217391304347826,0.08695652173913043,10.043478260869565,0,17.652173913043477
06,29,DFW,SEA,11.975,29.8,0,4.2,0,19.6
06,29,LAS,SEA,9.096153846153847,31.23076923076923,0,10.384615384615385,0,15.846153846153847
06,29,LAX,SEA,3.611111111111111,10.80952380952381,0,13.047619047619047,0,8.80952380952381
06,29,ORD,SEA,-2.9583333333333335,27.5,6.75,6.125,0,13.125
06,29,PDX,SEA,-3.869565217391304,0,0,12.333333333333334,0,15.333333333333334
06,29,PHX,SEA,9.346938775510203,20.714285714285715,0,11.5,0,9.5
06,29,SFO,SEA,5.706666666666667,10.055555555555555,0,13.666666666666666,0,19.444444444444443
06,29,SJC,SEA,-0.9714285714285714,0.75,7,13.5,0,16.5
06,30,ANC,SEA,0.3684210526315789,5.333333333333333,0,5,0,41.77777777777778
06,30,DEN,SEA,9.67741935483871,4.916666666666667,0,14.333333333333334,0,14.125
06,30,DFW,SEA,1.95,0,0,22.5,0,53.25
06,30,LAS,SEA,20.54901960784314,12.1,3.6,17.15,0,30.6
06,30,LAX,SEA,3.522222222222222,3.6875,0,18,0,22.3125
06,30,ORD,SEA,32.18,101.53846153846153,0,8.923076923076923,0,29.692307692307693
06,30,PDX,SEA,7.086956521739131,7.166666666666667,13.166666666666666,5,0,25.833333333333332
06,30,PHX,SEA,18.02,24.055555555555557,4.111111111111111,17.333333333333332,0,8.444444444444445
06,30,SFO,SEA,17.575342465753426,46.94117647058823,0,17.235294117647058,0,25.705882352941178
06,30,SJC,SEA,9.942857142857143,1.1111111111111112,0,17.666666666666668,0,32
07,01,ANC,SEA,0.3026315789473684,9.090909090909092,0,7.181818181818182,0,20.818181818181817
07,01,DEN,SEA,15.672131147540984,7.590909090909091,3.0454545454545454,11.909090909090908,0,34
07,01,DFW,SEA,4.975609756097561,18.6,16,3.7,0,0.2
07,01,LAS,SEA,15.36,29.4375,0,20.1875,0,11.0625
07,01,LAX,SEA,13.265060240963855,8.066666666666666,0.4666666666666667,16.5,0.6333333333333333,16.233333333333334
07,01,ORD,SEA,-0.8723404255319149,35.125,0,4.125,0,6.625
07,01,PDX,SEA,7.7,19,7,4.25,0,24.25
07,01,PHX,SEA,9.156862745098039,2.5555555555555554,0,17,0,48.55555555555556
07,01,SFO,SEA,20.583333333333332,26.095238095238095,0.38095238095238093,11.761904761904763,0,40.142857142857146
07,01,SJC,SEA,8.657142857142857,13.88888888888889,0,19,0,12.11111111111111
07,02,ANC,SEA,-3.7972972972972974,32.4,0,3.2,0,18.6
07,02,DEN,SEA,3.6333333333333333,10.928571428571429,0,9.357142857142858,0,17.571428571428573
07,02,DFW,SEA,6.333333333333333,21.625,0,8.75,0,26.125
07,02,LAS,SEA,6.384615384615385,118.2,0,3.6,11,20
07,02,LAX,SEA,4.156626506024097,33.57142857142857,0,7.642857142857143,0,11.714285714285714
07,02,ORD,SEA,-0.45652173913043476,14.666666666666666,0,5.777777777777778,0,24
07,02,PDX,SEA,-4.142857142857143,0,0,8,0,8
07,02,PHX,SEA,5.291666666666667,7.7272727272727275,0,5.181818181818182,0,25.545454545454547
07,02,SFO,SEA,-0.421875,32,0,2.5714285714285716,0,11.714285714285714
07,02,SJC,SEA,1.0285714285714285,14.833333333333334,0,10,0,5
07,03,ANC,SEA,-9.08,22,0,0.875,0,19.625
07,03,DEN,SEA,4.241379310344827,7.230769230769231,0,24.53846153846154,0,6
07,03,DFW,SEA,2.8947368421052633,18.4,0,6.4,0,9.8
07,03,LAS,SEA,-6.340425531914893,0,0,46.5,0,0
07,03,LAX,SEA,-2,2.4545454545454546,0,19.272727272727273,0,18.363636363636363
07,03,ORD,SEA,-6.8,36,0,10.8,0,13.4
07,03,PDX,SEA,-0.1,5.333333333333333,0,10.666666666666666,0,11.666666666666666
07,03,PHX,SEA,10.461538461538462,47.77777777777778,3.4444444444444446,16.333333333333332,0,4.666666666666667
07,03,SFO,SEA,-1.1666666666666667,10,0,18.09090909090909,0,9.090909090909092
07,03,SJC,SEA,3.909090909090909,0,0,31,0,40.666666666666664
07,04,ANC,SEA,-16.246575342465754,0,0,15,0,0
07,04,DEN,SEA,1.1372549019607843,26.11111111111111,0,8.222222222222221,0,14.11111111111111
07,04,DFW,SEA,9.783783783783784,3.125,29.875,2.75,0,34.5
07,04,LAS,SEA,-12.25,0,0,8,0,12
07,04,LAX,SEA,-11.25925925925926,26.5,0,0,0,7
07,04,ORD,SEA,-8.487179487179487,25,0,3.5,0,18.5
07,04,PDX,SEA,-3.1,0,0,7.5,0,35
07,04,PHX,SEA,-5.767441860465116,65.66666666666667,0,5.333333333333333,0,0
07,04,SFO,SEA,-4.274193548387097,26.125,0,5.25,0,18.625
07,04,SJC,SEA,-11.310344827586206,0,0,0,0,0
07,05,ANC,SEA,-7.684210526315789,7.285714285714286,0,4.571428571428571,0,16.857142857142858
07,05,DEN,SEA,4.09375,10.642857142857142,0,8.571428571428571,0,19.857142857142858
07,05,DFW,SEA,18.756756756756758,6.75,0.8333333333333334,14.833333333333334,0,56.5
07,05,LAS,SEA,-1.8431372549019607,3.4444444444444446,0,14,0,21
07,05,LAX,SEA,0.8901098901098901,17.285714285714285,0,11.214285714285714,0.42857142857142855,14.285714285714286
07,05,ORD,SEA,2.4166666666666665,29,0,6.8,0,12.9
07,05,PDX,SEA,0.047619047619047616,0,28,6.5,0,21.5
07,05,PHX,SEA,9.3,35.45454545454545,0,5.2727272727272725,0.36363636363636365,29.727272727272727
07,05,SFO,SEA,25.830985915492956,12.04,0,17.36,2.4,51.36
07,05,SJC,SEA,-3.6944444444444446,18.25,0,12.25,0,4.5
07,06,ANC,SEA,-6.512820512820513,12,0,14,0,1.6666666666666667
07,06,DEN,SEA,1.0769230769230769,15.166666666666666,0,6.583333333333333,0,6.666666666666667
07,06,DFW,SEA,17.05,25.615384615384617,2.769230769230769,9.76923076923077,0,27.23076923076923
07,06,LAS,SEA,4.962264150943396,25.333333333333332,0,6.25,0,23
07,06,LAX,SEA,1.8666666666666667,12.210526315789474,0.6842105263157895,6.368421052631579,0,14.368421052631579
07,06,ORD,SEA,19.958333333333332,8.842105263157896,2.3684210526315788,14.105263157894736,0,36.78947368421053
07,06,PDX,SEA,-2.4285714285714284,0,0,50,0,0
07,06,PHX,SEA,9.5,31.22222222222222,0,7.111111111111111,0,34.888888888888886
07,06,SFO,SEA,3.1095890410958904,7,0,4.666666666666667,0,33.5
07,06,SJC,SEA,4,1.5714285714285714,0,20.142857142857142,0,16
07,07,ANC,SEA,-0.4155844155844156,5.416666666666667,0,12.5,0,5
07,07,DEN,SEA,1.4461538461538461,10.090909090909092,0,10.636363636363637,0,15.363636363636363
07,07,DFW,SEA,18.675,24.454545454545453,0,3.1818181818181817,0,56.72727272727273
07,07,LAS,SEA,1.9074074074074074,5,0,38.5,0,4.25
07,07,LAX,SEA,6.358695652173913,10.285714285714286,0.14285714285714285,10.571428571428571,0,26.80952380952381
07,07,ORD,SEA,6.8,6.846153846153846,8.846153846153847,7.461538461538462,0,24.076923076923077
07,07,PDX,SEA,-4.380952380952381,0,0,24,0,1
07,07,PHX,SEA,1.52,5.777777777777778,0,8.555555555555555,0,15
07,07,SFO,SEA,10.698630136986301,19.705882352941178,0,9.529411764705882,0,35.23529411764706
07,07,SJC,SEA,-0.08333333333333333,0.75,0,26.5,0,18.75
07,08,ANC,SEA,-0.9078947368421053,1,0,16.88888888888889,0,1.1111111111111112
07,08,DEN,SEA,11.952380952380953,12.095238095238095,10.095238095238095,8.666666666666666,0,20.714285714285715
07,08,DFW,SEA,17.25,9.5,28.357142857142858,11.714285714285714,0,11.571428571428571
07,08,LAS,SEA,1.7843137254901962,5.416666666666667,0,20.25,0,22.25
07,08,LAX,SEA,5.627906976744186,6.157894736842105,0,20.31578947368421,0,23.894736842105264
07,08,ORD,SEA,3.872340425531915,42.4,0,6.9,0,21
07,08,PDX,SEA,3.1052631578947367,3.75,0,13.75,0,10
07,08,PHX,SEA,8.176470588235293,9.75,2,18.6875,0,10.6875
07,08,SFO,SEA,21.070422535211268,6.896551724137931,0,13.931034482758621,0.1724137931034483,44.03448275862069
07,08,SJC,SEA,1.6857142857142857,5.5,0,17.75,0,11.75
07,09,ANC,SEA,-7.276315789473684,12.333333333333334,0,7.5,0,4.166666666666667
07,09,DEN,SEA,1.7,17.916666666666668,1.8333333333333333,4.25,0,19.666666666666668
07,09,DFW,SEA,10.897435897435898,6.6,11.1,8.7,0,33.5
07,09,LAS,SEA,2.452830188679245,39.111111111111114,0,12.88888888888889,0,8.11111111111111
07,09,LAX,SEA,1.4597701149425288,37.75,0,7.666666666666667,0,8.833333333333334
07,09,ORD,SEA,-11.770833333333334,24.6,0,0.2,0,25
07,09,PDX,SEA,-0.10526315789473684,8.25,0,13,0,6
07,09,PHX,SEA,-1.0392156862745099,9.333333333333334,0,4.5,0,27.833333333333332
07,09,SFO,SEA,1.5507246376811594,7.615384615384615,0,1.6923076923076923,0,33.46153846153846
07,09,SJC,SEA,5.722222222222222,56.75,0,1,0,37.5
07,10,ANC,SEA,-1.6455696202531647,13.375,0,11.375,0,7.125
07,10,DEN,SEA,6.230769230769231,14.4375,6.4375,10.375,0,10.125
07,10,DFW,SEA,2.975609756097561,31.5,0,0,0,48.5
07,10,LAS,SEA,11.942307692307692,8.583333333333334,9.416666666666666,16.083333333333332,0,18.833333333333332
07,10,LAX,SEA,8.076923076923077,18.68421052631579,0,14.105263157894736,0,6.631578947368421
07,10,ORD,SEA,1.92,9.285714285714286,1.8571428571428572,3.7857142857142856,0,28.642857142857142
07,10,PDX,SEA,-1.4285714285714286,9,0,2.5,0,8.5
07,10,PHX,SEA,6.9787234042553195,19.625,0,6.375,0,29.875
07,10,SFO,SEA,15.18918918918919,26.40909090909091,0.045454545454545456,11.909090909090908,0,14.318181818181818
07,10,SJC,SEA,6.527777777777778,2.6666666666666665,1.6666666666666667,16.77777777777778,0,6.777777777777778
07,11,ANC,SEA,1.0128205128205128,18.714285714285715,0,11,0,7.571428571428571
07,11,DEN,SEA,7.171875,14.533333333333333,0,11.933333333333334,0,22.866666666666667
07,11,DFW,SEA,3.769230769230769,9.428571428571429,0,6.428571428571429,0,17.857142857142858
07,11,LAS,SEA,5.1923076923076925,12.333333333333334,0,15.222222222222221,0,33.22222222222222
07,11,LAX,SEA,3.7333333333333334,7.933333333333334,0,27.466666666666665,0,12.533333333333333
07,11,ORD,SEA,-1.1224489795918366,6.444444444444445,7.555555555555555,19.333333333333332,0,17.88888888888889
07,11,PDX,SEA,-0.9545454545454546,0,0,12,0,27
07,11,PHX,SEA,0.11764705882352941,0,0,23.4,0,0
07,11,SFO,SEA,6.625,7.117647058823529,1.3529411764705883,16.88235294117647,0,12.764705882352942
07,11,SJC,SEA,1.8571428571428572,0,0,45,0,0
07,12,ANC,SEA,1.855263157894737,13.666666666666666,0,11.666666666666666,0,10.333333333333334
07,12,DEN,SEA,1.9230769230769231,7.5,0,10.75,0,19.375
07,12,DFW,SEA,1.6578947368421053,16.625,0,7.125,0,9.25
07,12,LAS,SEA,9.22,140,0,10.4,0,0.4
07,12,LAX,SEA,-1.826086956521739,15,0,7.090909090909091,1.0909090909090908,7
07,12,ORD,SEA,33.84782608695652,24.75,53.8125,5.0625,0,42.125
07,12,PDX,SEA,10.523809523809524,4.166666666666667,0,10.5,0,23.5
07,12,PHX,SEA,17.3,102.33333333333333,0,9.777777777777779,0,6.444444444444445
07,12,SFO,SEA,7.152777777777778,8.916666666666666,0,18.333333333333332,0,32.916666666666664
07,12,SJC,SEA,1.6388888888888888,19.8,0,3.6,0,17.2
07,13,ANC,SEA,0.23076923076923078,31.833333333333332,0,5.666666666666667,0,2.1666666666666665
07,13,DEN,SEA,13.803030303030303,27.692307692307693,0,9.384615384615385,0,40.53846153846154
07,13,DFW,SEA,5.55,42.125,0,5.125,0,5
07,13,LAS,SEA,-0.7924528301886793,4.666666666666667,0,4.222222222222222,0,27.333333333333332
07,13,LAX,SEA,11.543478260869565,16.8,0,13.4,0,35.25
07,13,ORD,SEA,24.979166666666668,16.555555555555557,8.88888888888889,15.833333333333334,0,37.55555555555556
07,13,PDX,SEA,4.636363636363637,17.5,6.5,1.75,0,6
07,13,PHX,SEA,3.58,20.875,0,12.125,0,5.5
07,13,SFO,SEA,10.36,9.666666666666666,0,9.333333333333334,0.9444444444444444,35.888888888888886
07,13,SJC,SEA,-1.3611111111111112,0,0,38.333333333333336,0,11
07,14,ANC,SEA,6.448717948717949,19.25,0,16.375,0,42.625
07,14,DEN,SEA,12.030303030303031,12.4375,0,2.5,0,50.375
07,14,DFW,SEA,5.3,8.833333333333334,0,5.833333333333333,0,23.416666666666668
07,14,LAS,SEA,1.5185185185185186,37,0,14,0,24.333333333333332
07,14,LAX,SEA,0.2553191489361702,1.5333333333333334,0,16.6,1.2666666666666666,9.733333333333333
07,14,ORD,SEA,3.74,23.75,0,7.5,0,26
07,14,PDX,SEA,-1.3636363636363635,21,0,3.3333333333333335,0,9.333333333333334
07,14,PHX,SEA,8.22,49.875,0,10.25,0,16.75
07,14,SFO,SEA,5.32,5.714285714285714,0,0.35714285714285715,0,45.285714285714285
07,14,SJC,SEA,-5.333333333333333,0,0,2,0,35
07,15,ANC,SEA,-6.302631578947368,1.2,0,4,0,46.8
07,15,DEN,SEA,9.174603174603174,8.866666666666667,8.6,5.466666666666667,0,23.333333333333332
07,15,DFW,SEA,25.1,14.0625,12.625,9,0,35.375
07,15,LAS,SEA,1.2307692307692308,13.666666666666666,0,21.88888888888889,0,8.222222222222221
07,15,LAX,SEA,3.604651162790698,22.642857142857142,0,12.357142857142858,0,22
07,15,ORD,SEA,-0.23404255319148937,9.25,0,4.25,0,43.875
07,15,PDX,SEA,-1.75,13.333333333333334,0,20,0,0
07,15,PHX,SEA,9.596153846153847,19.166666666666668,3.5833333333333335,5.166666666666667,0,32.333333333333336
07,15,SFO,SEA,-2.2285714285714286,10.25,0,11.125,0,21.625
07,15,SJC,SEA,-4.685714285714286,8,0,0,0,9
07,16,ANC,SEA,-6.578947368421052,13.714285714285714,0,0.14285714285714285,0,34.42857142857143
07,16,DEN,SEA,3.2295081967213113,8.571428571428571,0,8.642857142857142,0,11.071428571428571
07,16,DFW,SEA,-1,7,0,6.2,0,21.2
07,16,LAS,SEA,-3.7222222222222223,3.5,0,17.666666666666668,0,12.166666666666666
07,16,LAX,SEA,-1.5930232558139534,25.375,1.5,9.875,0,4.125
07,16,ORD,SEA,-1.1875,8.11111111111111,0,14.88888888888889,0,13.444444444444445
07,16,PDX,SEA,-1.368421052631579,0,0,17,0,0
07,16,PHX,SEA,7.313725490196078,18.75,6.833333333333333,11,0,5.166666666666667
07,16,SFO,SEA,3.0441176470588234,13.733333333333333,0,8.6,0,9.333333333333334
07,16,SJC,SEA,3.25,14.8,0,9.6,0,25
07,17,ANC,SEA,-3.9240506329113924,2,0,9,0,14.333333333333334
07,17,DEN,SEA,6.153846153846154,6.4,0,7.9,0,32.4
07,17,DFW,SEA,-1.65,7.2,0,9.8,0,29.6
07,17,LAS,SEA,11.22,4.833333333333333,18.333333333333332,6.166666666666667,0,30.25
07,17,LAX,SEA,0.9021739130434783,5.578947368421052,0,12.631578947368421,0,6.7894736842105265
07,17,ORD,SEA,8.7,6.125,8.3125,8.875,0,23.1875
07,17,PDX,SEA,-4.619047619047619,12,0,10.5,0,0
07,17,PHX,SEA,10.020833333333334,5,0,10,0,43.5
07,17,SFO,SEA,3.027027027027027,11.642857142857142,0,7.571428571428571,0,11.428571428571429
07,17,SJC,SEA,0.1388888888888889,3,0,15,0,7.4
07,18,ANC,SEA,-0.4025974025974026,19.88888888888889,0,5.444444444444445,0,16.11111111111111
07,18,DEN,SEA,4.5625,14.764705882352942,2,3.411764705882353,0,9.823529411764707
07,18,DFW,SEA,3.4615384615384617,30.333333333333332,0,8.555555555555555,0,9.333333333333334
07,18,LAS,SEA,3.641509433962264,12.375,2,6.25,0,57.25
07,18,LAX,SEA,5.125,5.526315789473684,6.2105263157894735,8.157894736842104,0,33.63157894736842
07,18,ORD,SEA,18.612244897959183,20.05263157894737,0,9.68421052631579,0,28.526315789473685
07,18,PDX,SEA,-4.863636363636363,15,0,1,0,14
07,18,PHX,SEA,14.666666666666666,32.81818181818182,3.1818181818181817,4.181818181818182,0,50
07,18,SFO,SEA,9.01388888888889,20.294117647058822,0,3.411764705882353,0,31.764705882352942
07,18,SJC,SEA,6.485714285714286,42.4,0,4.2,0,37.4
07,19,ANC,SEA,-1.4666666666666666,14.5,0,4.25,0,20.125
07,19,DEN,SEA,15.876923076923077,9.588235294117647,10.588235294117647,3.1176470588235294,0,50.05882352941177
07,19,DFW,SEA,7.368421052631579,38.142857142857146,0,4.857142857142857,0,29.285714285714285
07,19,LAS,SEA,9.627450980392156,15.357142857142858,0,2,0,43.142857142857146
07,19,LAX,SEA,0.4725274725274725,7.4,0,5.8,0,56.2
07,19,ORD,SEA,3.7142857142857144,43,0,5.333333333333333,0,29.333333333333332
07,19,PDX,SEA,-3.409090909090909,0,0,22,0,0
07,19,PHX,SEA,-0.44,1.4285714285714286,1.7142857142857142,11.428571428571429,0,29.714285714285715
07,19,SFO,SEA,1.7605633802816902,4.076923076923077,0,4.3076923076923075,0.38461538461538464,36.46153846153846
07,19,SJC,SEA,-0.5,17.833333333333332,0,1.6666666666666667,0,6.666666666666667
07,20,ANC,SEA,-5.227848101265823,13.166666666666666,0,4.666666666666667,0,10.333333333333334
07,20,DEN,SEA,7.234375,13.444444444444445,2.1666666666666665,13.61111111111111,0,4
07,20,DFW,SEA,-1.95,12.4,0,3.2,0,34
07,20,LAS,SEA,5.980392156862745,17,0,18.818181818181817,0,22
07,20,LAX,SEA,0.6195652173913043,6.5625,0,16.9375,0,11.125
07,20,ORD,SEA,19.816326530612244,19.333333333333332,4,17.88888888888889,0,20.166666666666668
07,20,PDX,SEA,4.2727272727272725,0,0,14.4,0,22
07,20,PHX,SEA,8.645833333333334,25.444444444444443,0,19,0,19.333333333333332
07,20,SFO,SEA,8,8.142857142857142,0,12.214285714285714,0,37
07,20,SJC,SEA,9.88888888888889,15.625,0,5.5,0,38.875
07,21,ANC,SEA,-4.32051282051282,15.2,0,7.2,0,44.4
07,21,DEN,SEA,33.59375,31.555555555555557,4.407407407407407,9.148148148148149,0,37.74074074074074
07,21,DFW,SEA,6.625,46.6,0,4.2,0,68.8
07,21,LAS,SEA,18.14814814814815,69.85714285714286,0,11.857142857142858,0,17.714285714285715
07,21,LAX,SEA,-2.75531914893617,4.454545454545454,0,10,0,14.636363636363637
07,21,ORD,SEA,30.354166666666668,14.125,47.0625,15.4375,0,21.9375
07,21,PDX,SEA,-0.4090909090909091,0,0,2,0,19.5
07,21,PHX,SEA,12.3,32,0,1.5555555555555556,0,52.333333333333336
07,21,SFO,SEA,2.026666666666667,20.363636363636363,0,4.090909090909091,0,24.90909090909091
07,21,SJC,SEA,4.305555555555555,0,0,10.75,0,80
07,22,ANC,SEA,-13.078947368421053,6,0,5,0,9.25
07,22,DEN,SEA,12.761904761904763,22.11111111111111,3.388888888888889,10,0,21.77777777777778
07,22,DFW,SEA,3.2,28.333333333333332,0,4.333333333333333,0,29.833333333333332
07,22,LAS,SEA,11.018518518518519,12.117647058823529,0,20.823529411764707,0,19.470588235294116
07,22,LAX,SEA,7.75,16.714285714285715,0,18.666666666666668,1.0476190476190477,13.952380952380953
07,22,ORD,SEA,3.347826086956522,17.615384615384617,0,2.769230769230769,0,20.53846153846154
07,22,PDX,SEA,11.85,13.666666666666666,11,10.5,0,8.166666666666666
07,22,PHX,SEA,12.23076923076923,10.875,0.9375,24.875,0,14.25
07,22,SFO,SEA,10.788732394366198,4.142857142857143,0,21.785714285714285,0.9642857142857143,7.392857142857143
07,22,SJC,SEA,3.9411764705882355,1.8571428571428572,0,26.142857142857142,0,13.428571428571429
07,23,ANC,SEA,-3.9342105263157894,7.5,0,0.5,0,16
07,23,DEN,SEA,20.116666666666667,17.6875,0,3.4375,0,67.25
07,23,DFW,SEA,-1.8717948717948718,17.166666666666668,0,9.333333333333334,0,5.833333333333333
07,23,LAS,SEA,-1.5740740740740742,18.875,0,1,0,19.75
07,23,LAX,SEA,2.755813953488372,0.8181818181818182,0,14,0,49.18181818181818
07,23,ORD,SEA,26.19148936170213,22.333333333333332,23,19.6,0,37.06666666666667
07,23,PDX,SEA,13.105263157894736,0,0,9.166666666666666,0,44.5
07,23,PHX,SEA,7.76,10.916666666666666,17.833333333333332,5,0,16.5
07,23,SFO,SEA,18.52173913043478,10.482758620689655,0,7.689655172413793,0.27586206896551724,29.93103448275862
07,23,SJC,SEA,13.63888888888889,90.33333333333333,0,5.833333333333333,0,9.333333333333334
07,24,ANC,SEA,-0.17721518987341772,17.375,0,4.375,0,13.75
07,24,DEN,SEA,13.876923076923077,19.695652173913043,0,16.347826086956523,0,9.26086956521739
07,24,DFW,SEA,2.119047619047619,13.11111111111111,18.88888888888889,1.6666666666666667,0,9.444444444444445
07,24,LAS,SEA,6.0576923076923075,38.9,0,18,0,7.7
07,24,LAX,SEA,3.880434782608696,4.318181818181818,0,13.863636363636363,1.5454545454545454,10.954545454545455
07,24,ORD,SEA,13.62,6.235294117647059,8.705882352941176,5.235294117647059,0,33.05882352941177
07,24,PDX,SEA,7.619047619047619,0,1.2,9.4,0,24.6
07,24,PHX,SEA,0.6521739130434783,9.428571428571429,0,8.142857142857142,0,26.142857142857142
07,24,SFO,SEA,17.83783783783784,17.413793103448278,0.1724137931034483,12.448275862068966,0,19.379310344827587
07,24,SJC,SEA,2.6666666666666665,1.5714285714285714,3.857142857142857,10.714285714285714,0,7.571428571428571
07,25,ANC,SEA,-1.4487179487179487,25.2,0,2.6,0,18.4
07,25,DEN,SEA,3.828125,20,0,6.090909090909091,0,21.09090909090909
07,25,DFW,SEA,1.4871794871794872,11.285714285714286,0.14285714285714285,4,0,34.142857142857146
07,25,LAS,SEA,-0.05660377358490566,7.454545454545454,0,6.909090909090909,0,16.636363636363637
07,25,LAX,SEA,-0.3888888888888889,13.454545454545455,0,8.272727272727273,0,6.636363636363637
07,25,ORD,SEA,11.448979591836734,18.642857142857142,2.0714285714285716,5.428571428571429,0,31.857142857142858
07,25,PDX,SEA,-0.3181818181818182,0,0,0,0,66.5
07,25,PHX,SEA,5.235294117647059,5.5,0,8.5,0,38.8
07,25,SFO,SEA,3.2916666666666665,1.7647058823529411,0,11.647058823529411,0,12.352941176470589
07,25,SJC,SEA,13.628571428571428,10.166666666666666,0,4.666666666666667,0,82.33333333333333
07,26,ANC,SEA,2.064935064935065,9.416666666666666,0,5.916666666666667,0,32.25
07,26,DEN,SEA,8.661538461538461,6.470588235294118,1.8235294117647058,21.235294117647058,0,11.058823529411764
07,26,DFW,SEA,2.6486486486486487,12.285714285714286,0,2.142857142857143,0,34.142857142857146
07,26,LAS,SEA,5.7254901960784315,3.6,0,19.4,0,11.133333333333333
07,26,LAX,SEA,7.5054945054945055,7.37037037037037,0,14.407407407407407,0.4074074074074074,15.592592592592593
07,26,ORD,SEA,10.5625,28.11111111111111,0,8.666666666666666,0,47.888888888888886
07,26,PDX,SEA,-0.045454545454545456,0,38,1,0,15.5
07,26,PHX,SEA,3.66,5.25,0,19.5,0,28.625
07,26,SFO,SEA,14.014285714285714,9,0,28.130434782608695,0,13.304347826086957
07,26,SJC,SEA,16.75,34.5,1.125,21.375,0,32.375
07,27,ANC,SEA,1.3376623376623376,24.545454545454547,0,7.818181818181818,0,3.1818181818181817
07,27,DEN,SEA,5.333333333333333,7.714285714285714,2.642857142857143,10.285714285714286,0,10
07,27,DFW,SEA,18.666666666666668,13.166666666666666,0,11.416666666666666,0,50.833333333333336
07,27,LAS,SEA,2.4716981132075473,1.8333333333333333,0,16.75,0,19.583333333333332
07,27,LAX,SEA,4.709677419354839,7.2272727272727275,0.09090909090909091,16.272727272727273,0,10.818181818181818
07,27,ORD,SEA,-0.8541666666666666,1.875,0,13.125,0,21
07,27,PDX,SEA,7.090909090909091,5.285714285714286,0,10.571428571428571,0,20.714285714285715
07,27,PHX,SEA,6.673469387755102,5.2727272727272725,0,18.363636363636363,0,11.727272727272727
07,27,SFO,SEA,12.88,4.346153846153846,0,16,0.34615384615384615,24.03846153846154
07,27,SJC,SEA,5.805555555555555,11,0,19.125,0,10.5
07,28,ANC,SEA,-2.6538461538461537,6,0,10.25,0,5
07,28,DEN,SEA,7.369230769230769,15.928571428571429,1.1428571428571428,5.357142857142857,0,23.642857142857142
07,28,DFW,SEA,1.45,34.714285714285715,0,5.714285714285714,0,11.714285714285714
07,28,LAS,SEA,-2.6481481481481484,18.6,0,0.4,0,33.8
07,28,LAX,SEA,-1.0319148936170213,17.5,0,7.7,0,11.6
07,28,ORD,SEA,24.72,17.923076923076923,23.153846153846153,21.23076923076923,0,54.76923076923077
07,28,PDX,SEA,-1.5454545454545454,0,0,12.5,0,14.5
07,28,PHX,SEA,5.42,14.833333333333334,0,11.583333333333334,0,20.666666666666668
07,28,SFO,SEA,3.8533333333333335,14.692307692307692,0,5.384615384615385,0,25.23076923076923
07,28,SJC,SEA,-2.257142857142857,15.5,0,5,0,28
07,29,ANC,SEA,-0.15789473684210525,8.75,0,12,0,15
07,29,DEN,SEA,1.8095238095238095,32.72727272727273,0,4.454545454545454,0,9
07,29,DFW,SEA,3.375,9,0,2.2,0,30.1
07,29,LAS,SEA,4.705882352941177,20.8,0,2.2,0,33.9
07,29,LAX,SEA,-1.2906976744186047,7.923076923076923,0,10.461538461538462,0,12.538461538461538
07,29,ORD,SEA,11.6,29.1,0.5,3.4,0,43.7
07,29,PDX,SEA,-2.95,0,0,21,0,0
07,29,PHX,SEA,10.07843137254902,15.666666666666666,9.583333333333334,13,0,37.166666666666664
07,29,SFO,SEA,5.957746478873239,42.916666666666664,0,11,0,7
07,29,SJC,SEA,-1.8857142857142857,21.5,0,1.25,0,10
07,30,ANC,SEA,-4.776315789473684,10.2,0,4.6,0,14
07,30,DEN,SEA,3.5081967213114753,17.11111111111111,0,6.111111111111111,0,26.666666666666668
07,30,DFW,SEA,4.675,28.125,0,2.875,0,17.5
07,30,LAS,SEA,14.117647058823529,17,0,4.75,0,55.083333333333336
07,30,LAX,SEA,-1.5813953488372092,5.818181818181818,0,4,0,22.727272727272727
07,30,ORD,SEA,5.416666666666667,26.22222222222222,0,0.3333333333333333,0,39.888888888888886
07,30,PDX,SEA,0.631578947368421,13,0,15,0,25
07,30,PHX,SEA,6.34,17.714285714285715,0,9.857142857142858,0,42.714285714285715
07,30,SFO,SEA,14.397058823529411,7.423076923076923,0.038461538461538464,16.26923076923077,0.19230769230769232,19.76923076923077
07,30,SJC,SEA,9.972222222222221,59.285714285714285,0,10.285714285714286,0,2.7142857142857144
07,31,ANC,SEA,-2.5256410256410255,20.666666666666668,0,9.833333333333334,0,0.8333333333333334
07,31,DEN,SEA,-0.25,20.142857142857142,0,17,0,10.571428571428571
07,31,DFW,SEA,6.097560975609756,9.428571428571429,0,5.142857142857143,0,39.57142857142857
07,31,LAS,SEA,1.25,26.875,0,8.25,0,9.625
07,31,LAX,SEA,5.880434782608695,74.36363636363636,0,7.818181818181818,0,10
07,31,ORD,SEA,8.64,37.111111111111114,0,4.777777777777778,0,48.77777777777778
07,31,PDX,SEA,-1.8095238095238095,22,0,5,0,0
07,31,PHX,SEA,16.4375,19.9375,0,16.875,0,22.4375
07,31,SFO,SEA,2.9864864864864864,6.6923076923076925,0,4.538461538461538,0,29.53846153846154
07,31,SJC,SEA,6.285714285714286,50.2,0,6.8,0,7.2
